ROWID,DATACODE,RECTYPE,RECYEAR,SEASON,WATERSHED/LINE,Pm,Rmeg,Sh,Bh,Rmon,St,Mo,Pl,Ch,Mm,Nf,Sc,Zh,Cp
,CSM01,1,2013,SP,004F-E,6,2,0,0,1,0,0,1,0,0,0,0,0,0
,CSM01,1,2013,SP,004F-W,3,8,0,0,0,0,0,2,0,0,0,0,0,0
,CSM01,1,2013,SP,004B-E,0,2,0,0,0,0,4,5,0,0,0,0,0,0
,CSM01,1,2013,SP,004B-W,0,2,0,0,0,0,1,10,0,0,0,0,0,0
,CSM01,1,2013,SP,001D-E,5,0,0,0,0,0,0,0,0,0,0,0,0,0
,CSM01,1,2013,SP,001D-W,10,0,0,0,0,0,0,0,0,0,0,0,0,0
,CSM01,1,2013,SP,020B-E,0,5,0,0,0,0,2,13,0,0,1,0,0,0
,CSM01,1,2013,SP,020B-W,0,0,2,0,0,0,0,52,0,0,0,0,0,0
,CSM01,1,2013,SP,N20B-N,10,0,0,0,0,0,0,1,0,0,0,0,0,0
,CSM01,1,2013,SP,N20B-S,5,0,0,0,0,0,0,0,0,0,0,0,0,0
,CSM01,1,2013,SP,N01B-E,8,0,0,0,0,0,0,1,0,0,0,0,0,0
,CSM01,1,2013,SP,N01B-W,17,0,0,0,0,0,0,2,0,0,0,0,0,0
,CSM01,1,2013,SP,N04D-E,6,0,0,0,0,0,0,1,0,0,0,0,0,0
,CSM01,1,2013,SP,N04D-W,6,1,1,0,0,0,0,13,0,0,0,0,0,0
,CSM01,1,2012,AU,004F-E,1,0,0,0,0,0,0,0,0,0,0,0,0,0
,CSM01,1,2012,AU,004F-W,0,3,0,0,0,0,1,2,0,0,0,0,0,0
,CSM01,1,2012,AU,004B-E,0,3,0,2,0,0,0,0,0,0,0,0,0,0
,CSM01,1,2012,AU,004B-W,0,6,4,1,0,0,0,6,0,0,0,1,0,0
,CSM01,1,2012,AU,001D-E,3,0,0,0,0,0,0,0,0,0,0,0,0,0
,CSM01,1,2012,AU,001D-W,5,0,0,0,0,0,0,0,0,0,0,0,0,0
,CSM01,1,2012,AU,020B-E,0,1,4,0,0,0,6,12,0,0,1,0,0,0
,CSM01,1,2012,AU,020B-W,0,3,3,0,0,0,0,26,0,0,1,0,0,0
,CSM01,1,2012,AU,N20B-N,2,0,0,0,0,0,0,0,0,0,0,0,0,0
,CSM01,1,2012,AU,N20B-S,0,0,0,0,0,0,0,3,0,0,0,0,0,0
,CSM01,1,2012,AU,N01B-E,7,0,0,0,0,0,0,0,0,0,0,0,0,0
,CSM01,1,2012,AU,N01B-W,9,0,0,0,0,0,1,2,0,0,0,0,0,0
,CSM01,1,2012,AU,N04D-E,4,2,0,1,0,0,0,0,0,0,0,0,0,0
,CSM01,1,2012,AU,N04D-W,1,0,0,0,0,0,0,5,0,0,3,0,0,0
,CSM01,1,2012,SP,004F-E,1,3,0,0,0,0,0,0,0,0,0,0,0,0
,CSM01,1,2012,SP,004F-W,0,5,0,0,0,0,3,0,0,0,0,0,0,0
,CSM01,1,2012,SP,004B-E,0,3,0,0,0,0,1,2,0,0,0,0,0,0
,CSM01,1,2012,SP,004B-W,0,0,0,0,0,0,0,4,0,0,0,0,0,0
,CSM01,1,2012,SP,001D-E,2,0,0,0,0,0,2,0,0,0,0,0,0,0
,CSM01,1,2012,SP,001D-W,1,1,0,0,0,0,0,0,0,0,0,0,0,0
,CSM01,1,2012,SP,020B-E,0,2,0,0,0,0,2,8,0,0,0,0,0,0
,CSM01,1,2012,SP,020B-W,0,0,0,0,0,0,2,15,0,0,0,0,0,0
,CSM01,1,2012,SP,N20B-N,6,2,0,0,0,1,0,3,0,0,0,0,0,0
,CSM01,1,2012,SP,N20B-S,2,2,0,0,0,0,0,2,0,0,0,0,0,0
,CSM01,1,2012,SP,N01B-E,15,0,0,0,0,0,0,5,0,0,0,0,0,0
,CSM01,1,2012,SP,N01B-W,12,0,0,0,0,0,0,5,0,0,0,0,0,0
,CSM01,1,2012,SP,N04D-E,2,0,0,0,0,0,0,0,0,0,0,0,0,0
,CSM01,1,2012,SP,N04D-W,1,1,0,0,0,0,0,1,0,0,0,0,0,0
,CSM01,1,2011,AU,004F-E,8,4,1,0,0,0,0,1,0,0,0,0,0,0
,CSM01,1,2011,AU,004F-W,1,4,4,1,0,0,6,2,0,0,0,0,0,0
,CSM01,1,2011,AU,004B-E,1,3,0,4,0,0,0,2,0,0,0,0,0,0
,CSM01,1,2011,AU,004B-W,0,2,0,9,0,0,0,2,0,0,0,1,0,0
,CSM01,1,2011,AU,001D-E,9,0,1,3,0,0,0,0,0,0,0,0,0,0
,CSM01,1,2011,AU,001D-W,2,0,0,0,0,0,0,0,0,0,0,0,0,0
,CSM01,1,2011,AU,020B-E,0,1,0,1,0,0,2,32,0,0,0,0,0,0
,CSM01,1,2011,AU,020B-W,0,1,0,0,0,0,2,50,0,0,0,0,0,0
,CSM01,1,2011,AU,N20B-N,0,1,0,0,0,0,0,3,1,0,0,0,0,0
,CSM01,1,2011,AU,N20B-S,0,1,0,0,0,0,0,6,1,0,0,0,0,0
,CSM01,1,2011,AU,N01B-E,12,0,0,0,0,0,0,7,2,0,0,0,0,0
,CSM01,1,2011,AU,N01B-W,11,0,0,1,0,0,0,8,0,0,0,0,0,0
,CSM01,1,2011,AU,N04D-E,9,0,0,0,0,0,0,3,0,0,0,0,0,0
,CSM01,1,2011,AU,N04D-W,2,0,0,1,0,0,0,4,0,0,2,0,0,0
1,CSM01,1,1981,AU,004F-E,13,7,2,6,0,1,0,1,0,0,0,0,0,0
2,CSM01,1,1981,AU,004F-W,17,8,2,2,3,0,0,12,0,0,0,0,0,0
3,CSM01,1,1981,AU,004B-E,8,2,0,0,0,0,0,0,0,0,0,0,0,0
4,CSM01,1,1981,AU,004B-W,2,5,0,2,0,0,0,4,0,0,0,0,0,0
5,CSM01,1,1981,AU,001D-E,9,3,0,3,0,1,0,0,0,0,0,0,0,0
6,CSM01,1,1981,AU,001D-W,4,2,0,1,1,0,1,0,0,0,0,0,0,0
7,CSM01,1,1981,AU,020B-E,0,18,0,2,1,0,0,0,0,0,0,0,0,0
8,CSM01,1,1981,AU,020B-W,1,7,0,6,0,0,0,0,0,0,0,0,0,0
9,CSM01,1,1981,AU,N01B-E,6,1,0,6,0,1,2,0,1,0,0,0,0,0
10,CSM01,1,1981,AU,N01B-W,6,2,0,8,0,0,0,0,0,0,0,0,0,0
11,CSM01,1,1981,AU,N04D-E,5,1,0,1,0,0,1,0,0,0,0,0,0,0
12,CSM01,1,1981,AU,N04D-W,2,7,0,1,1,0,3,1,0,1,0,0,0,0
13,CSM01,1,1982,AU,004F-E,7,7,1,1,0,0,5,1,0,0,0,0,0,0
14,CSM01,1,1982,AU,004F-W,2,8,0,3,0,0,2,6,0,0,0,0,0,2
15,CSM01,1,1982,AU,004B-E,8,4,0,5,0,0,3,0,1,0,0,0,0,0
16,CSM01,1,1982,AU,004B-W,4,9,1,5,0,0,0,2,0,0,0,1,0,0
17,CSM01,1,1982,AU,001D-E,7,0,0,3,0,1,10,1,0,0,0,0,0,0
18,CSM01,1,1982,AU,001D-W,11,0,0,3,0,0,3,0,0,0,0,1,0,0
19,CSM01,1,1982,AU,020B-E,1,6,0,12,0,0,0,0,0,0,0,2,0,0
20,CSM01,1,1982,AU,020B-W,0,6,0,6,0,0,1,0,0,0,0,0,0,0
21,CSM01,1,1982,AU,N20B-N,8,5,0,4,0,2,3,0,0,0,0,0,0,0
22,CSM01,1,1982,AU,N20B-S,3,1,0,6,0,0,10,0,0,0,0,0,0,0
23,CSM01,1,1982,AU,N01B-E,3,8,0,4,2,1,7,2,0,1,0,2,0,0
24,CSM01,1,1982,AU,N01B-W,3,12,0,6,0,1,2,2,0,0,0,0,0,0
25,CSM01,1,1982,AU,N04D-E,2,9,0,4,0,0,1,1,0,0,0,0,0,0
26,CSM01,1,1982,AU,N04D-W,3,12,0,8,1,0,2,0,0,0,0,0,0,0
27,CSM01,1,1982,SP,004F-E,15,3,4,0,0,2,1,13,0,0,0,0,0,0
28,CSM01,1,1982,SP,004F-W,15,3,1,0,0,0,0,17,0,0,0,0,0,0
29,CSM01,1,1982,SP,004B-E,6,0,1,0,0,0,5,0,0,0,0,1,0,0
30,CSM01,1,1982,SP,004B-W,0,0,0,0,0,0,2,2,0,0,0,3,0,0
31,CSM01,1,1982,SP,001D-E,0,6,0,0,0,0,0,0,0,0,0,0,0,0
32,CSM01,1,1982,SP,001D-W,4,5,1,0,0,0,0,2,0,0,0,0,0,0
33,CSM01,1,1982,SP,020B-E,1,0,0,0,0,0,0,1,0,0,0,0,0,0
34,CSM01,1,1982,SP,020B-W,0,1,0,0,0,0,0,0,0,0,0,0,0,0
35,CSM01,1,1982,SP,N20B-N,6,5,0,0,0,1,0,0,0,0,1,0,0,0
36,CSM01,1,1982,SP,N20B-S,1,2,0,0,0,1,3,0,0,0,0,0,0,0
37,CSM01,1,1982,SP,N01B-E,5,0,0,0,0,1,2,0,0,0,0,0,0,0
38,CSM01,1,1982,SP,N01B-W,0,4,0,0,0,0,1,2,0,0,0,0,0,0
39,CSM01,1,1982,SP,N04D-E,3,0,0,0,0,2,0,0,0,0,0,0,0,0
40,CSM01,1,1982,SP,N04D-W,3,6,0,1,0,2,2,0,0,0,0,0,0,0
41,CSM01,1,1983,AU,004F-E,4,0,0,1,0,1,0,0,0,0,0,0,0,0
42,CSM01,1,1983,AU,004F-W,4,0,0,1,0,1,0,0,0,0,0,0,0,0
43,CSM01,1,1983,AU,004B-E,4,0,0,0,0,2,0,0,1,0,0,0,0,0
44,CSM01,1,1983,AU,004B-W,7,0,0,3,0,2,0,2,0,0,0,0,0,0
45,CSM01,1,1983,AU,001D-E,3,0,0,0,0,1,0,1,0,0,0,0,0,0
46,CSM01,1,1983,AU,001D-W,1,0,0,1,0,1,0,0,0,0,0,0,0,0
47,CSM01,1,1983,AU,020B-E,3,0,0,4,0,0,0,0,0,0,0,0,0,0
48,CSM01,1,1983,AU,020B-W,0,1,0,2,0,0,0,0,0,0,0,0,0,0
49,CSM01,1,1983,AU,N20B-N,2,0,0,0,0,4,0,0,1,0,0,0,0,0
50,CSM01,1,1983,AU,N20B-S,1,0,0,4,0,1,0,0,0,0,0,0,0,0
51,CSM01,1,1983,AU,N01B-E,0,0,0,3,0,3,0,0,1,0,0,0,0,0
52,CSM01,1,1983,AU,N01B-W,4,1,0,3,0,2,0,2,1,0,0,0,0,0
53,CSM01,1,1983,AU,N04D-E,2,0,0,0,0,1,0,0,0,0,0,0,0,0
54,CSM01,1,1983,AU,N04D-W,1,2,0,2,0,1,0,0,0,0,0,0,0,0
55,CSM01,1,1983,SP,004F-E,2,0,0,0,0,0,0,0,0,0,0,0,0,0
56,CSM01,1,1983,SP,004F-W,2,0,0,0,0,0,0,0,0,0,0,0,0,0
57,CSM01,1,1983,SP,004B-E,0,0,0,0,0,0,0,0,0,0,0,0,0,0
58,CSM01,1,1983,SP,004B-W,0,0,0,0,0,0,0,4,0,0,0,0,0,0
59,CSM01,1,1983,SP,001D-E,0,0,0,0,0,0,0,0,0,0,0,1,0,0
60,CSM01,1,1983,SP,001D-W,0,0,0,0,0,0,1,0,0,0,0,0,0,0
61,CSM01,1,1983,SP,020B-E,0,0,0,0,0,0,1,0,0,0,0,2,0,0
62,CSM01,1,1983,SP,020B-W,0,0,0,0,0,0,0,0,0,0,0,0,0,0
63,CSM01,1,1983,SP,N20B-N,3,0,0,0,0,1,3,0,0,0,0,0,0,0
64,CSM01,1,1983,SP,N20B-S,0,0,0,0,0,0,2,0,0,0,0,1,0,0
65,CSM01,1,1983,SP,N01B-E,0,0,0,0,0,0,2,0,0,0,0,0,0,0
66,CSM01,1,1983,SP,N01B-W,0,0,0,0,0,0,0,0,0,0,0,0,0,0
67,CSM01,1,1983,SP,N04D-E,0,0,0,0,0,0,0,0,0,0,0,0,0,0
68,CSM01,1,1983,SP,N04D-W,0,0,0,0,0,0,0,0,0,0,0,0,0,0
69,CSM01,1,1984,AU,004F-E,2,0,0,8,0,1,0,2,0,0,0,0,0,0
70,CSM01,1,1984,AU,004F-W,5,1,0,3,0,0,1,3,0,0,0,0,0,0
71,CSM01,1,1984,AU,004B-E,8,0,0,4,0,1,0,0,0,0,0,0,0,0
72,CSM01,1,1984,AU,004B-W,4,0,0,1,0,0,0,2,0,0,0,0,0,0
73,CSM01,1,1984,AU,001D-E,5,0,0,2,0,0,0,0,0,0,0,0,0,0
74,CSM01,1,1984,AU,001D-W,5,0,0,2,0,0,0,0,0,0,0,0,0,0
75,CSM01,1,1984,AU,020B-E,3,0,0,7,0,0,1,0,0,0,0,0,0,0
76,CSM01,1,1984,AU,020B-W,2,0,0,3,0,0,0,0,0,0,0,0,0,0
77,CSM01,1,1984,AU,N20B-N,4,0,0,5,0,0,0,2,0,0,0,0,0,0
78,CSM01,1,1984,AU,N20B-S,0,0,0,5,0,1,0,0,0,0,0,0,0,0
79,CSM01,1,1984,AU,N01B-E,6,0,0,4,0,0,0,0,0,0,0,0,0,0
80,CSM01,1,1984,AU,N01B-W,6,0,0,0,0,0,0,1,0,0,0,0,0,0
81,CSM01,1,1984,AU,N04D-E,6,0,0,5,0,0,0,3,0,0,0,0,0,0
82,CSM01,1,1984,AU,N04D-W,3,0,0,1,0,1,0,0,0,0,0,0,0,0
83,CSM01,1,1984,SP,004F-E,1,0,0,0,0,0,0,1,0,0,0,0,0,0
84,CSM01,1,1984,SP,004F-W,0,0,0,0,0,0,0,0,0,0,0,0,0,0
85,CSM01,1,1984,SP,004B-E,6,0,0,0,0,0,0,0,0,0,0,0,0,0
86,CSM01,1,1984,SP,004B-W,2,0,0,0,0,0,0,0,0,0,0,0,0,0
87,CSM01,1,1984,SP,001D-E,0,0,0,0,0,0,0,0,0,0,0,0,0,0
88,CSM01,1,1984,SP,001D-W,0,0,0,0,0,0,0,0,0,0,0,0,0,0
89,CSM01,1,1984,SP,020B-E,1,0,0,0,0,0,0,1,0,0,0,0,0,0
90,CSM01,1,1984,SP,020B-W,1,0,0,0,0,0,0,0,0,0,0,0,0,0
91,CSM01,1,1984,SP,N20B-N,6,0,0,0,0,0,0,0,0,0,0,0,0,0
92,CSM01,1,1984,SP,N20B-S,2,0,0,1,0,0,0,0,0,0,0,0,0,0
93,CSM01,1,1984,SP,N01B-E,2,0,0,0,0,0,0,2,0,0,0,0,0,0
94,CSM01,1,1984,SP,N01B-W,2,0,0,0,0,0,0,3,0,0,0,1,0,0
95,CSM01,1,1984,SP,N04D-E,3,0,0,0,0,0,0,0,0,0,0,0,0,0
96,CSM01,1,1984,SP,N04D-W,1,0,0,0,0,0,0,0,0,0,0,0,0,0
97,CSM01,1,1985,AU,004F-E,2,0,0,2,0,0,0,1,0,0,0,0,0,0
98,CSM01,1,1985,AU,004F-W,7,1,0,4,0,0,1,1,0,0,0,0,0,0
99,CSM01,1,1985,AU,004B-E,4,1,0,7,0,0,0,0,0,0,1,0,0,0
100,CSM01,1,1985,AU,004B-W,5,0,0,6,0,0,0,0,0,0,0,0,0,0
101,CSM01,1,1985,AU,001D-E,1,1,0,0,0,0,0,0,0,1,0,0,0,1
102,CSM01,1,1985,AU,001D-W,3,0,0,0,0,0,0,0,0,0,0,1,0,0
103,CSM01,1,1985,AU,020B-E,1,0,0,4,0,0,0,3,0,0,0,0,0,0
104,CSM01,1,1985,AU,020B-W,1,0,0,6,0,1,0,0,0,0,0,0,0,0
105,CSM01,1,1985,AU,N20B-N,3,0,0,5,0,0,0,0,0,0,0,1,0,0
106,CSM01,1,1985,AU,N20B-S,4,0,0,8,0,0,2,0,0,0,0,0,0,0
107,CSM01,1,1985,AU,N01B-E,4,0,0,4,0,0,6,5,0,0,0,1,0,0
108,CSM01,1,1985,AU,N01B-W,3,0,0,2,0,1,4,3,0,0,0,3,0,0
109,CSM01,1,1985,AU,N04D-E,6,0,0,0,0,0,5,0,1,0,0,0,0,0
110,CSM01,1,1985,AU,N04D-W,3,0,0,2,0,0,3,0,0,0,0,1,0,0
111,CSM01,1,1985,SP,004F-E,0,0,0,0,0,1,0,0,0,0,0,0,0,0
112,CSM01,1,1985,SP,004F-W,0,0,0,0,0,0,0,0,0,0,0,0,0,0
113,CSM01,1,1985,SP,004B-E,5,0,0,0,0,0,0,0,0,0,0,0,0,0
114,CSM01,1,1985,SP,004B-W,4,1,0,0,0,0,0,1,0,0,0,0,0,0
115,CSM01,1,1985,SP,001D-E,0,0,0,0,0,0,0,0,0,0,0,0,0,0
116,CSM01,1,1985,SP,001D-W,1,0,0,0,0,1,0,0,0,0,0,0,0,0
117,CSM01,1,1985,SP,020B-E,0,0,0,0,0,0,0,0,0,0,0,0,0,0
118,CSM01,1,1985,SP,020B-W,0,0,0,1,0,0,0,0,0,0,0,0,0,0
119,CSM01,1,1985,SP,N20B-N,1,0,0,0,0,0,0,0,0,0,0,0,0,0
120,CSM01,1,1985,SP,N20B-S,0,0,0,0,0,0,0,0,0,0,0,0,0,0
121,CSM01,1,1985,SP,N01B-E,1,0,0,0,0,0,0,0,0,0,0,0,0,0
122,CSM01,1,1985,SP,N01B-W,0,0,0,0,0,0,0,0,0,0,0,0,0,0
123,CSM01,1,1985,SP,N04D-E,4,0,0,1,0,0,0,0,0,0,0,0,0,0
124,CSM01,1,1985,SP,N04D-W,0,0,0,0,0,0,0,0,0,0,0,0,0,0
125,CSM01,1,1986,AU,004F-E,11,0,0,8,0,0,0,2,0,0,0,0,0,0
126,CSM01,1,1986,AU,004F-W,4,0,0,1,0,0,1,1,0,0,0,0,0,0
127,CSM01,1,1986,AU,004B-E,9,0,0,3,0,0,0,0,0,0,0,0,0,0
128,CSM01,1,1986,AU,004B-W,7,0,0,11,0,0,0,7,1,0,0,0,0,0
129,CSM01,1,1986,AU,001D-E,8,0,0,1,0,0,0,0,0,0,0,0,0,0
130,CSM01,1,1986,AU,001D-W,14,0,0,4,0,0,0,0,0,0,0,0,0,0
131,CSM01,1,1986,AU,020B-E,5,0,0,8,0,0,0,2,0,0,0,0,0,0
132,CSM01,1,1986,AU,020B-W,0,0,0,8,0,0,0,1,0,1,0,0,0,0
133,CSM01,1,1986,AU,N20B-N,3,1,0,11,0,0,0,1,0,1,0,0,0,0
134,CSM01,1,1986,AU,N20B-S,5,1,0,5,1,1,0,3,0,0,0,0,0,0
135,CSM01,1,1986,AU,N01B-E,5,4,0,4,0,0,0,1,0,0,0,0,0,0
136,CSM01,1,1986,AU,N01B-W,4,2,0,2,0,0,1,6,0,0,0,0,0,0
137,CSM01,1,1986,AU,N04D-E,6,0,0,1,0,0,0,4,0,0,0,0,0,0
138,CSM01,1,1986,AU,N04D-W,11,3,0,2,0,0,0,1,0,0,0,1,0,0
139,CSM01,1,1986,SP,004F-E,7,1,0,0,0,0,0,0,0,0,0,0,0,0
140,CSM01,1,1986,SP,004F-W,8,0,0,0,0,0,0,0,0,0,0,0,0,0
141,CSM01,1,1986,SP,004B-E,7,2,0,2,0,1,0,0,0,0,0,0,0,0
142,CSM01,1,1986,SP,004B-W,5,0,0,0,0,0,0,0,0,0,0,0,0,0
143,CSM01,1,1986,SP,001D-E,8,1,0,0,0,0,1,0,0,0,0,0,0,0
144,CSM01,1,1986,SP,001D-W,0,0,0,0,0,1,0,0,0,0,0,0,0,0
145,CSM01,1,1986,SP,020B-E,1,0,0,0,0,0,0,0,0,0,0,0,0,0
146,CSM01,1,1986,SP,020B-W,2,0,0,0,0,0,3,0,0,0,0,0,0,0
147,CSM01,1,1986,SP,N20B-N,5,0,0,0,0,0,0,0,0,0,0,0,0,0
148,CSM01,1,1986,SP,N20B-S,3,1,0,1,0,0,0,0,0,0,0,1,0,0
149,CSM01,1,1986,SP,N01B-E,9,0,0,0,0,1,2,3,0,0,0,0,0,0
150,CSM01,1,1986,SP,N01B-W,3,0,0,0,0,0,0,1,0,0,0,0,0,0
151,CSM01,1,1986,SP,N04D-E,2,0,0,0,0,0,2,2,0,0,0,0,0,0
152,CSM01,1,1986,SP,N04D-W,6,0,0,0,0,0,2,0,0,0,0,0,0,0
153,CSM01,1,1987,AU,004F-E,1,1,0,7,0,0,0,1,0,0,0,0,0,0
154,CSM01,1,1987,AU,004F-W,3,7,0,6,0,0,0,0,0,0,0,0,0,0
155,CSM01,1,1987,AU,004B-E,12,12,0,2,0,1,0,0,0,0,0,0,0,0
156,CSM01,1,1987,AU,004B-W,4,9,8,3,0,1,0,0,0,0,1,0,0,0
157,CSM01,1,1987,AU,001D-E,8,2,0,4,0,0,0,0,0,0,0,0,0,0
158,CSM01,1,1987,AU,001D-W,2,1,0,7,0,0,0,0,0,0,0,0,0,0
159,CSM01,1,1987,AU,020B-E,1,7,0,1,0,0,0,1,0,0,0,0,0,0
160,CSM01,1,1987,AU,020B-W,1,6,0,1,0,0,0,0,0,0,0,0,0,0
161,CSM01,1,1987,AU,N20B-N,2,10,0,9,0,0,0,0,0,2,0,0,0,0
162,CSM01,1,1987,AU,N20B-S,0,3,0,3,0,0,0,0,0,0,0,0,0,0
163,CSM01,1,1987,AU,N01B-E,3,16,0,3,0,0,0,2,0,0,0,0,0,0
164,CSM01,1,1987,AU,N01B-W,2,6,0,1,0,0,0,5,0,0,0,0,0,0
165,CSM01,1,1987,AU,N04D-E,7,4,0,1,0,0,0,0,0,0,0,0,0,0
166,CSM01,1,1987,AU,N04D-W,1,6,0,1,0,0,0,0,0,0,0,0,0,0
167,CSM01,1,1987,SP,004F-E,3,2,0,0,0,1,0,1,0,0,0,0,0,0
168,CSM01,1,1987,SP,004F-W,2,1,0,0,0,0,0,0,0,0,0,0,0,0
169,CSM01,1,1987,SP,004B-E,5,1,0,0,0,0,0,0,0,0,0,0,0,0
170,CSM01,1,1987,SP,004B-W,2,4,0,0,1,0,0,1,0,0,0,0,0,0
171,CSM01,1,1987,SP,001D-E,4,0,0,0,0,0,0,0,0,0,0,0,0,0
172,CSM01,1,1987,SP,001D-W,1,0,0,0,0,1,0,0,0,0,0,0,0,0
173,CSM01,1,1987,SP,020B-E,3,1,0,0,0,0,0,0,0,0,0,0,0,0
174,CSM01,1,1987,SP,020B-W,1,2,0,1,0,0,0,0,0,0,0,0,0,0
175,CSM01,1,1987,SP,N20B-N,3,0,0,0,0,1,0,2,0,0,0,0,0,0
176,CSM01,1,1987,SP,N20B-S,0,2,0,0,0,0,0,0,0,0,0,0,0,0
177,CSM01,1,1987,SP,N01B-E,10,1,0,0,0,0,0,2,0,0,0,0,0,0
178,CSM01,1,1987,SP,N01B-W,2,2,0,0,0,0,0,2,0,0,0,0,0,0
179,CSM01,1,1987,SP,N04D-E,2,0,0,0,0,2,0,0,0,0,0,0,0,0
180,CSM01,1,1987,SP,N04D-W,4,1,0,0,0,0,0,1,0,0,0,0,0,0
181,CSM01,1,1988,AU,004F-E,4,2,0,0,0,0,0,0,0,0,0,0,0,0
182,CSM01,1,1988,AU,004F-W,0,3,0,0,0,1,0,0,0,0,0,0,0,0
183,CSM01,1,1988,AU,004B-E,3,0,0,1,0,1,0,0,0,0,0,0,0,0
184,CSM01,1,1988,AU,004B-W,0,1,0,0,0,0,0,0,0,0,1,0,0,0
185,CSM01,1,1988,AU,001D-E,1,0,0,1,0,0,0,0,0,0,0,0,0,0
186,CSM01,1,1988,AU,001D-W,0,0,0,0,0,0,0,0,0,0,0,0,0,0
187,CSM01,1,1988,AU,020B-E,1,10,0,0,0,0,0,1,0,0,0,0,0,0
188,CSM01,1,1988,AU,020B-W,0,5,0,0,0,0,0,0,0,0,0,0,0,0
189,CSM01,1,1988,AU,N20B-N,2,0,0,0,0,0,0,0,0,0,0,0,0,0
190,CSM01,1,1988,AU,N20B-S,1,0,0,2,0,0,0,3,0,0,0,0,0,0
191,CSM01,1,1988,AU,N01B-E,3,0,0,0,0,1,0,1,0,0,0,0,0,0
192,CSM01,1,1988,AU,N01B-W,9,2,0,0,1,0,0,4,0,0,0,0,0,0
193,CSM01,1,1988,AU,N04D-E,4,0,0,0,0,0,0,0,0,0,0,0,0,0
194,CSM01,1,1988,AU,N04D-W,7,6,0,1,0,0,0,3,0,0,0,0,0,0
195,CSM01,1,1988,SP,004F-E,1,0,0,0,0,0,0,0,0,0,0,0,0,0
196,CSM01,1,1988,SP,004F-W,2,0,0,0,0,0,0,0,0,0,0,0,0,0
197,CSM01,1,1988,SP,004B-E,4,0,0,0,0,0,0,0,0,0,0,0,0,0
198,CSM01,1,1988,SP,004B-W,8,0,0,0,0,0,0,0,0,0,1,0,0,0
199,CSM01,1,1988,SP,001D-E,1,0,0,0,0,0,0,0,0,0,0,0,0,0
200,CSM01,1,1988,SP,001D-W,4,0,0,0,0,0,0,0,0,0,0,0,0,0
201,CSM01,1,1988,SP,020B-E,0,0,0,0,0,0,0,1,0,0,0,0,0,0
202,CSM01,1,1988,SP,020B-W,0,0,0,0,0,0,0,0,0,0,0,0,0,0
203,CSM01,1,1988,SP,N20B-N,5,3,0,0,0,0,0,0,0,0,0,0,0,0
204,CSM01,1,1988,SP,N20B-S,0,0,0,0,0,0,0,0,0,0,0,0,0,0
205,CSM01,1,1988,SP,N01B-E,2,3,0,0,0,0,0,0,0,0,0,0,0,0
206,CSM01,1,1988,SP,N01B-W,1,0,0,0,0,0,0,0,0,0,0,0,0,0
207,CSM01,1,1988,SP,N04D-E,1,0,0,0,0,0,0,0,0,0,1,0,0,0
208,CSM01,1,1988,SP,N04D-W,0,0,0,0,0,0,0,1,0,0,0,0,0,0
209,CSM01,1,1989,AU,004F-E,23,1,1,1,0,0,1,1,0,0,0,0,0,0
210,CSM01,1,1989,AU,004F-W,17,10,4,0,0,0,5,1,0,0,0,0,0,0
211,CSM01,1,1989,AU,004B-E,11,3,0,0,0,0,0,0,0,0,0,0,0,0
212,CSM01,1,1989,AU,004B-W,14,1,2,0,0,0,1,0,0,0,0,0,0,0
213,CSM01,1,1989,AU,001D-E,18,0,0,0,0,0,0,0,0,0,0,0,0,0
214,CSM01,1,1989,AU,001D-W,12,1,0,1,0,0,0,0,0,0,0,0,0,0
215,CSM01,1,1989,AU,020B-E,7,3,0,2,0,0,3,3,0,0,0,2,0,0
216,CSM01,1,1989,AU,020B-W,1,10,0,11,0,0,0,6,0,0,0,0,0,0
217,CSM01,1,1989,AU,N20B-N,10,1,1,3,0,0,0,1,0,0,0,0,0,1
218,CSM01,1,1989,AU,N20B-S,5,5,0,6,0,0,0,3,0,0,0,0,0,0
219,CSM01,1,1989,AU,N01B-E,39,0,0,0,0,0,2,4,0,0,0,0,0,0
220,CSM01,1,1989,AU,N01B-W,35,6,5,0,0,0,0,3,0,0,0,0,0,0
221,CSM01,1,1989,AU,N04D-E,28,2,0,1,0,0,1,1,0,0,0,0,0,0
222,CSM01,1,1989,AU,N04D-W,11,11,9,2,0,0,2,6,0,0,1,0,0,0
223,CSM01,1,1989,SP,004F-E,3,5,0,0,0,0,0,0,0,0,0,0,0,0
224,CSM01,1,1989,SP,004F-W,0,5,0,0,0,0,0,0,0,0,0,0,0,0
225,CSM01,1,1989,SP,004B-E,2,0,0,0,0,0,0,0,0,0,0,0,0,0
226,CSM01,1,1989,SP,004B-W,2,0,0,0,0,0,0,0,0,0,0,0,0,0
227,CSM01,1,1989,SP,001D-E,2,0,0,0,0,1,0,0,0,0,0,0,0,0
228,CSM01,1,1989,SP,001D-W,3,1,0,0,0,0,0,0,0,0,0,0,0,0
229,CSM01,1,1989,SP,020B-E,2,9,0,0,0,0,0,0,0,0,0,0,0,0
230,CSM01,1,1989,SP,020B-W,1,5,0,0,0,0,0,0,0,0,0,0,0,0
231,CSM01,1,1989,SP,N20B-N,6,4,0,0,0,0,0,0,0,0,0,0,0,0
232,CSM01,1,1989,SP,N20B-S,1,3,0,0,0,0,2,0,0,0,0,0,0,0
233,CSM01,1,1989,SP,N01B-E,16,2,0,0,0,0,0,1,0,0,0,0,0,0
234,CSM01,1,1989,SP,N01B-W,15,1,0,0,0,0,0,0,0,0,0,0,0,0
235,CSM01,1,1989,SP,N04D-E,18,6,0,0,0,3,0,0,0,0,0,0,0,0
236,CSM01,1,1989,SP,N04D-W,8,11,0,0,0,0,0,0,0,0,0,0,0,0
237,CSM01,1,1990,AU,004F-E,10,0,0,0,0,0,1,0,0,0,0,0,0,0
238,CSM01,1,1990,AU,004F-W,15,4,0,0,0,0,7,2,0,0,0,1,0,0
239,CSM01,1,1990,AU,004B-E,11,5,0,6,0,0,4,0,0,0,0,1,0,0
240,CSM01,1,1990,AU,004B-W,13,13,2,2,0,0,4,2,0,0,0,0,0,0
241,CSM01,1,1990,AU,001D-E,11,2,1,1,0,0,1,0,0,0,0,0,0,0
242,CSM01,1,1990,AU,001D-W,17,3,9,1,0,0,1,1,0,0,0,0,0,0
243,CSM01,1,1990,AU,020B-E,9,9,1,15,0,0,10,8,0,0,0,3,0,0
244,CSM01,1,1990,AU,020B-W,0,11,0,7,0,0,1,3,0,0,0,0,0,0
245,CSM01,1,1990,AU,N20B-N,16,3,1,1,0,0,8,4,1,0,0,0,0,0
246,CSM01,1,1990,AU,N20B-S,14,7,0,5,0,0,0,1,0,0,0,1,0,0
247,CSM01,1,1990,AU,N01B-E,25,1,6,3,0,0,2,0,1,0,0,0,0,0
248,CSM01,1,1990,AU,N01B-W,20,2,14,0,0,0,9,7,0,0,0,0,0,0
249,CSM01,1,1990,AU,N04D-E,13,1,0,1,0,0,3,8,0,0,0,0,0,0
250,CSM01,1,1990,AU,N04D-W,6,31,1,1,0,0,3,4,0,0,0,1,0,0
251,CSM01,1,1990,SP,004F-E,6,2,0,0,0,0,0,0,0,0,0,0,0,0
252,CSM01,1,1990,SP,004F-W,3,5,0,0,0,1,0,0,0,0,0,0,0,0
253,CSM01,1,1990,SP,004B-E,7,0,0,0,0,0,0,0,0,0,0,0,0,0
254,CSM01,1,1990,SP,004B-W,9,1,0,0,0,0,0,1,0,0,0,0,0,0
255,CSM01,1,1990,SP,001D-E,3,0,0,0,0,2,0,0,0,0,0,0,0,0
256,CSM01,1,1990,SP,001D-W,4,1,0,0,0,0,0,0,0,0,0,0,0,0
257,CSM01,1,1990,SP,020B-E,3,0,0,0,0,1,0,1,0,0,0,2,0,0
258,CSM01,1,1990,SP,020B-W,0,0,0,0,0,0,0,0,0,0,0,0,0,0
259,CSM01,1,1990,SP,N20B-N,7,1,0,0,0,0,0,0,0,0,0,0,0,0
260,CSM01,1,1990,SP,N20B-S,4,3,0,0,0,3,1,1,0,0,0,0,0,0
261,CSM01,1,1990,SP,N01B-E,33,2,0,0,0,3,0,0,0,0,0,0,0,0
262,CSM01,1,1990,SP,N01B-W,23,3,0,0,0,1,0,0,0,0,0,0,0,0
263,CSM01,1,1990,SP,N04D-E,7,0,0,0,0,1,0,0,0,0,0,0,0,0
264,CSM01,1,1990,SP,N04D-W,7,5,0,0,0,1,0,3,0,0,0,0,0,0
265,CSM01,1,1991,AU,004F-E,7,0,0,0,0,0,0,0,0,0,0,0,0,0
266,CSM01,1,1991,AU,004F-W,6,0,0,0,0,0,0,2,0,0,0,0,0,0
267,CSM01,1,1991,AU,004B-E,8,0,1,1,0,0,0,0,0,0,0,0,0,0
268,CSM01,1,1991,AU,004B-W,2,0,0,0,0,0,0,0,0,0,1,0,0,0
269,CSM01,1,1991,AU,001D-E,1,0,0,0,0,0,0,0,0,0,0,0,0,0
270,CSM01,1,1991,AU,001D-W,4,0,0,0,0,0,0,0,0,0,0,0,0,0
271,CSM01,1,1991,AU,020B-E,12,0,0,0,0,0,4,5,0,0,0,0,0,0
272,CSM01,1,1991,AU,020B-W,7,0,2,5,0,0,0,7,0,0,0,0,0,0
273,CSM01,1,1991,AU,N20B-N,8,0,2,0,0,0,0,0,0,0,0,0,0,0
274,CSM01,1,1991,AU,N20B-S,2,0,0,1,0,0,0,1,0,0,0,0,0,0
275,CSM01,1,1991,AU,N01B-E,4,0,0,0,0,0,0,5,0,0,2,0,0,0
276,CSM01,1,1991,AU,N01B-W,5,0,0,0,0,0,0,2,0,0,0,0,0,0
277,CSM01,1,1991,AU,N04D-E,4,0,0,0,0,0,0,0,0,0,0,0,0,0
278,CSM01,1,1991,AU,N04D-W,1,0,0,1,0,0,0,3,0,0,0,0,0,0
279,CSM01,1,1991,SP,004F-E,1,0,0,0,0,0,2,0,0,0,0,0,0,0
280,CSM01,1,1991,SP,004F-W,2,0,0,0,0,0,0,0,0,0,0,0,0,0
281,CSM01,1,1991,SP,004B-E,4,2,0,0,0,0,1,0,0,0,0,0,0,0
282,CSM01,1,1991,SP,004B-W,3,3,0,0,0,0,1,0,0,0,0,0,0,0
283,CSM01,1,1991,SP,001D-E,0,0,0,0,0,0,0,0,0,0,0,0,0,0
284,CSM01,1,1991,SP,001D-W,1,0,0,0,0,0,0,0,1,0,0,0,0,0
285,CSM01,1,1991,SP,020B-E,0,0,0,0,0,0,1,0,0,0,0,2,0,0
286,CSM01,1,1991,SP,020B-W,1,1,0,0,0,0,1,2,0,0,0,1,0,0
287,CSM01,1,1991,SP,N20B-N,9,2,0,0,0,1,4,1,0,0,0,0,0,0
288,CSM01,1,1991,SP,N20B-S,1,1,0,0,0,0,1,0,0,0,0,0,0,0
289,CSM01,1,1991,SP,N01B-E,2,0,0,0,0,0,4,1,0,0,0,0,0,0
290,CSM01,1,1991,SP,N01B-W,0,0,0,0,0,0,0,0,0,0,0,0,0,0
291,CSM01,1,1991,SP,N04D-E,2,0,0,0,0,1,4,0,0,0,0,0,0,0
292,CSM01,1,1991,SP,N04D-W,3,1,0,0,0,0,2,3,0,0,0,1,0,0
293,CSM01,1,1992,AU,004F-E,3,0,0,0,0,0,0,0,0,0,0,0,0,0
294,CSM01,1,1992,AU,004F-W,5,0,2,4,0,0,0,3,0,0,0,0,0,0
295,CSM01,1,1992,AU,004B-E,4,0,0,1,0,1,0,0,0,0,0,0,0,0
296,CSM01,1,1992,AU,004B-W,4,0,3,4,0,0,0,2,0,0,1,0,0,0
297,CSM01,1,1992,AU,001D-E,5,1,1,9,0,0,0,0,0,0,0,0,0,0
298,CSM01,1,1992,AU,001D-W,4,0,0,3,0,0,0,0,0,0,0,0,0,0
299,CSM01,1,1992,AU,020B-E,4,0,4,0,0,0,0,8,0,0,0,0,0,0
300,CSM01,1,1992,AU,020B-W,0,0,6,2,0,0,0,12,0,0,0,0,0,0
301,CSM01,1,1992,AU,N20B-N,3,0,0,0,0,0,0,0,0,0,0,0,0,0
302,CSM01,1,1992,AU,N20B-S,2,0,0,0,0,0,0,0,0,0,0,0,0,0
303,CSM01,1,1992,AU,N01B-E,8,0,0,0,0,0,1,0,0,0,0,0,0,0
304,CSM01,1,1992,AU,N01B-W,13,0,0,1,0,0,0,1,0,1,0,0,0,0
305,CSM01,1,1992,AU,N04D-E,4,0,0,1,0,0,0,0,0,0,0,0,0,0
306,CSM01,1,1992,AU,N04D-W,1,0,0,0,0,0,0,8,0,0,0,0,0,0
307,CSM01,1,1992,SP,004F-E,3,0,0,0,0,0,0,0,0,0,0,0,0,0
308,CSM01,1,1992,SP,004F-W,12,0,0,0,0,3,0,2,0,0,0,0,0,0
309,CSM01,1,1992,SP,004B-E,9,0,0,0,0,1,0,0,0,0,0,0,0,0
310,CSM01,1,1992,SP,004B-W,7,1,0,0,0,5,0,0,0,0,0,0,0,0
311,CSM01,1,1992,SP,001D-E,0,0,0,0,0,0,0,0,0,0,0,0,0,1
312,CSM01,1,1992,SP,001D-W,0,0,0,0,0,0,0,0,0,0,0,0,0,0
313,CSM01,1,1992,SP,020B-E,8,0,0,0,0,1,1,10,0,0,0,0,0,0
314,CSM01,1,1992,SP,020B-W,7,0,0,0,0,1,0,6,0,0,0,0,0,0
315,CSM01,1,1992,SP,N20B-N,7,0,0,0,0,0,0,0,0,0,0,0,0,0
316,CSM01,1,1992,SP,N20B-S,2,0,0,0,0,1,0,0,0,0,0,0,0,0
317,CSM01,1,1992,SP,N01B-E,7,0,0,0,0,0,0,5,0,0,0,0,0,0
318,CSM01,1,1992,SP,N01B-W,4,0,0,0,0,0,0,6,0,0,0,0,0,0
319,CSM01,1,1992,SP,N04D-E,4,1,0,0,0,4,0,0,0,0,0,0,0,0
320,CSM01,1,1992,SP,N04D-W,1,0,0,0,0,0,0,6,0,0,0,0,0,0
321,CSM01,1,1993,AU,004F-E,9,0,0,3,0,0,8,1,0,0,0,0,0,0
322,CSM01,1,1993,AU,004F-W,8,0,0,7,0,0,11,2,0,0,0,1,0,0
323,CSM01,1,1993,AU,004B-E,4,1,0,15,0,2,3,0,0,0,0,7,0,0
324,CSM01,1,1993,AU,004B-W,3,0,0,14,0,1,9,3,0,1,0,0,0,0
325,CSM01,1,1993,AU,001D-E,7,0,0,6,0,0,4,0,0,0,0,2,0,0
326,CSM01,1,1993,AU,001D-W,2,0,0,3,0,2,5,2,0,0,0,0,0,0
327,CSM01,1,1993,AU,020B-E,3,1,0,2,0,0,3,19,0,0,0,1,0,0
328,CSM01,1,1993,AU,020B-W,0,0,0,12,0,1,7,21,0,0,0,0,0,0
329,CSM01,1,1993,AU,N20B-N,4,1,1,5,0,2,5,0,0,0,0,1,0,0
330,CSM01,1,1993,AU,N20B-S,4,0,0,12,0,0,12,10,0,0,0,0,0,0
331,CSM01,1,1993,AU,N01B-E,14,0,6,1,0,0,4,1,0,0,0,0,0,0
332,CSM01,1,1993,AU,N01B-W,16,1,0,1,0,0,4,3,0,0,0,0,0,0
333,CSM01,1,1993,AU,N04D-E,13,0,0,8,0,1,2,2,0,0,0,0,0,0
334,CSM01,1,1993,AU,N04D-W,6,0,1,9,0,1,7,6,0,0,0,1,0,0
335,CSM01,1,1993,SP,004F-E,6,0,0,0,0,0,0,0,0,0,0,0,0,0
336,CSM01,1,1993,SP,004F-W,4,2,0,0,0,1,0,5,0,0,0,0,0,0
337,CSM01,1,1993,SP,004B-E,10,0,0,0,0,0,3,0,0,0,0,0,0,0
338,CSM01,1,1993,SP,004B-W,5,0,0,0,0,1,3,3,0,0,0,0,0,0
339,CSM01,1,1993,SP,001D-E,6,0,0,0,0,0,0,0,0,0,0,0,0,0
340,CSM01,1,1993,SP,001D-W,2,1,0,0,0,0,3,0,0,0,0,0,0,0
341,CSM01,1,1993,SP,020B-E,4,3,4,0,0,0,1,3,0,0,0,0,0,0
342,CSM01,1,1993,SP,020B-W,4,2,0,0,0,0,1,3,0,0,0,0,0,0
343,CSM01,1,1993,SP,N20B-N,7,0,0,0,0,0,0,2,0,0,0,0,0,0
344,CSM01,1,1993,SP,N20B-S,8,0,0,0,0,0,4,3,0,0,0,0,0,0
345,CSM01,1,1993,SP,N01B-E,16,1,0,0,0,0,6,0,0,0,0,0,0,0
346,CSM01,1,1993,SP,N01B-W,13,0,0,0,0,0,3,3,0,0,0,0,0,0
347,CSM01,1,1993,SP,N04D-E,9,2,0,0,0,2,0,0,0,0,0,0,0,0
348,CSM01,1,1993,SP,N04D-W,4,1,0,0,0,0,0,9,0,0,0,0,0,0
349,CSM01,1,1994,AU,004F-E,1,1,0,0,0,0,0,0,0,0,0,0,0,0
350,CSM01,1,1994,AU,004F-W,2,7,0,1,0,1,0,0,0,0,0,0,0,0
351,CSM01,1,1994,AU,004B-E,3,2,0,0,0,0,0,0,0,0,0,0,0,0
352,CSM01,1,1994,AU,004B-W,2,8,0,0,0,0,0,0,0,0,0,0,0,0
353,CSM01,1,1994,AU,001D-E,3,0,0,0,0,0,0,0,0,1,0,0,0,0
354,CSM01,1,1994,AU,001D-W,1,2,0,0,0,0,0,0,0,0,0,0,0,0
355,CSM01,1,1994,AU,020B-E,0,19,0,0,0,0,0,8,0,0,0,0,0,0
356,CSM01,1,1994,AU,020B-W,0,9,0,0,0,0,0,7,0,0,0,0,0,0
357,CSM01,1,1994,AU,N20B-N,3,0,0,0,0,0,0,0,0,0,0,0,0,0
358,CSM01,1,1994,AU,N20B-S,0,5,0,0,0,0,0,1,0,0,0,0,0,0
359,CSM01,1,1994,AU,N01B-E,2,0,0,0,0,0,0,4,0,0,0,0,0,0
360,CSM01,1,1994,AU,N01B-W,5,4,0,0,0,0,4,3,0,0,0,0,0,0
361,CSM01,1,1994,AU,N04D-E,3,1,0,0,0,1,0,0,0,0,0,0,0,0
362,CSM01,1,1994,AU,N04D-W,1,2,0,0,0,0,1,2,0,0,0,0,0,0
363,CSM01,1,1994,SP,004F-E,1,13,0,0,0,0,2,0,0,0,0,0,0,0
364,CSM01,1,1994,SP,004F-W,0,0,0,0,0,0,0,0,0,0,0,0,0,0
365,CSM01,1,1994,SP,004B-E,1,5,0,0,0,0,5,1,0,0,0,4,0,0
366,CSM01,1,1994,SP,004B-W,3,0,0,0,0,0,2,9,0,0,0,0,0,0
367,CSM01,1,1994,SP,001D-E,0,2,0,0,0,0,1,0,0,0,0,3,0,0
368,CSM01,1,1994,SP,001D-W,0,1,0,0,0,0,0,0,0,0,0,0,0,0
369,CSM01,1,1994,SP,020B-E,0,0,0,0,0,0,7,6,0,0,0,3,0,0
370,CSM01,1,1994,SP,020B-W,0,3,0,0,0,0,6,6,0,0,0,0,0,0
371,CSM01,1,1994,SP,N20B-N,2,0,0,0,0,0,2,9,0,0,0,0,0,0
372,CSM01,1,1994,SP,N20B-S,5,2,0,0,0,0,8,1,0,0,0,0,0,0
373,CSM01,1,1994,SP,N01B-E,4,2,0,0,0,0,4,2,0,0,0,0,0,0
374,CSM01,1,1994,SP,N01B-W,3,1,0,0,0,1,7,0,0,0,0,0,0,0
375,CSM01,1,1994,SP,N04D-E,0,5,0,0,0,1,4,0,0,0,0,0,0,0
376,CSM01,1,1994,SP,N04D-W,0,1,0,0,0,0,4,0,0,0,0,0,0,0
377,CSM01,1,1995,AU,004F-E,2,1,0,5,0,0,0,0,0,0,0,0,0,0
378,CSM01,1,1995,AU,004F-W,0,5,0,1,0,0,0,6,0,0,0,0,0,0
379,CSM01,1,1995,AU,004B-E,4,1,0,1,0,0,0,0,0,0,0,0,0,0
380,CSM01,1,1995,AU,004B-W,0,5,0,3,0,0,0,0,0,0,0,0,0,0
381,CSM01,1,1995,AU,001D-E,7,0,0,2,0,0,0,0,0,0,0,0,0,0
382,CSM01,1,1995,AU,001D-W,1,0,0,3,0,0,0,0,0,0,0,0,0,0
383,CSM01,1,1995,AU,020B-E,2,8,1,2,0,0,0,3,0,0,0,0,0,0
384,CSM01,1,1995,AU,020B-W,0,5,0,2,0,0,0,8,0,0,0,0,0,0
385,CSM01,1,1995,AU,N20B-N,5,1,0,4,0,0,0,0,0,0,0,0,0,0
386,CSM01,1,1995,AU,N20B-S,1,1,0,1,0,0,0,1,0,0,0,0,0,0
387,CSM01,1,1995,AU,N01B-E,5,1,1,1,0,0,0,1,1,0,0,0,0,0
388,CSM01,1,1995,AU,N01B-W,5,1,0,0,0,0,0,1,0,0,0,0,0,0
389,CSM01,1,1995,AU,N04D-E,3,0,0,2,0,0,0,0,0,0,0,0,0,0
390,CSM01,1,1995,AU,N04D-W,3,3,4,3,0,1,0,3,0,0,0,0,0,0
391,CSM01,1,1995,SP,004F-E,1,2,0,0,0,0,0,0,0,0,0,0,0,0
392,CSM01,1,1995,SP,004F-W,0,0,0,0,0,0,0,2,0,0,0,0,0,0
393,CSM01,1,1995,SP,004B-E,4,0,0,0,0,0,0,0,0,0,0,0,0,0
394,CSM01,1,1995,SP,004B-W,4,0,0,0,0,2,0,0,0,0,0,0,0,0
395,CSM01,1,1995,SP,001D-E,0,0,0,0,0,0,0,0,0,0,0,0,0,0
396,CSM01,1,1995,SP,001D-W,0,0,0,0,0,0,0,0,0,0,0,0,0,0
397,CSM01,1,1995,SP,020B-E,0,2,0,0,0,0,0,0,0,0,0,0,0,0
398,CSM01,1,1995,SP,020B-W,1,2,0,0,0,0,0,2,0,0,0,0,0,0
399,CSM01,1,1995,SP,N20B-N,3,2,0,0,0,1,0,0,0,0,0,0,0,0
400,CSM01,1,1995,SP,N20B-S,2,0,0,0,0,0,0,0,0,0,0,0,0,0
401,CSM01,1,1995,SP,N01B-E,5,1,0,0,0,0,1,0,1,0,0,0,0,0
402,CSM01,1,1995,SP,N01B-W,4,2,0,0,0,0,0,0,0,0,0,0,0,0
403,CSM01,1,1995,SP,N04D-E,2,0,0,0,0,0,0,0,0,0,0,0,0,0
404,CSM01,1,1995,SP,N04D-W,2,0,0,0,0,0,0,2,0,0,0,0,0,0
405,CSM01,1,1996,AU,004F-E,6,0,0,0,0,0,0,0,0,0,0,0,0,0
406,CSM01,1,1996,AU,004F-W,7,0,0,0,0,0,0,0,0,0,0,0,0,0
407,CSM01,1,1996,AU,004B-E,2,0,0,1,0,1,0,0,0,0,0,0,0,0
408,CSM01,1,1996,AU,004B-W,1,3,0,3,0,1,0,1,0,0,0,0,0,0
409,CSM01,1,1996,AU,001D-E,3,0,0,0,0,0,0,0,0,0,0,0,0,0
410,CSM01,1,1996,AU,001D-W,1,1,0,1,0,1,0,0,0,0,0,0,0,0
411,CSM01,1,1996,AU,020B-E,2,2,0,1,0,0,0,0,0,0,0,0,0,0
412,CSM01,1,1996,AU,020B-W,0,4,0,5,0,0,0,7,0,0,0,0,0,0
413,CSM01,1,1996,AU,N20B-N,4,0,0,0,0,1,0,0,0,0,0,0,0,0
414,CSM01,1,1996,AU,N20B-S,2,0,1,0,0,0,0,0,0,0,0,0,0,0
415,CSM01,1,1996,AU,N01B-E,8,0,0,0,0,0,0,0,0,0,0,0,0,0
416,CSM01,1,1996,AU,N01B-W,7,0,0,0,0,1,0,0,0,0,0,0,0,0
417,CSM01,1,1996,AU,N04D-E,6,0,0,1,0,0,0,1,0,0,0,0,0,0
418,CSM01,1,1996,AU,N04D-W,1,1,2,1,0,0,2,2,0,0,0,0,0,0
419,CSM01,1,1996,SP,004F-E,6,2,0,0,0,0,0,0,0,0,0,0,0,0
420,CSM01,1,1996,SP,004F-W,3,0,0,0,0,0,0,0,0,0,0,0,0,0
421,CSM01,1,1996,SP,004B-E,1,0,0,0,0,0,0,1,0,0,0,0,0,0
422,CSM01,1,1996,SP,004B-W,0,1,0,0,0,0,0,1,0,0,0,0,0,0
423,CSM01,1,1996,SP,001D-E,2,0,0,0,0,0,0,0,0,0,0,0,0,0
424,CSM01,1,1996,SP,001D-W,1,0,0,0,0,0,0,0,0,0,0,0,0,0
425,CSM01,1,1996,SP,020B-E,0,1,0,0,0,0,0,1,0,0,0,0,0,0
426,CSM01,1,1996,SP,020B-W,0,3,0,1,0,0,0,2,0,0,0,0,0,0
427,CSM01,1,1996,SP,N20B-N,2,0,0,0,0,0,0,0,0,0,0,0,0,0
428,CSM01,1,1996,SP,N20B-S,1,0,0,0,0,0,0,4,0,0,0,0,0,0
429,CSM01,1,1996,SP,N01B-E,5,0,0,0,0,0,0,4,0,0,0,0,0,0
430,CSM01,1,1996,SP,N01B-W,5,0,0,0,0,0,0,0,0,0,0,0,0,0
431,CSM01,1,1996,SP,N04D-E,1,0,0,0,0,0,0,0,0,0,0,0,0,0
432,CSM01,1,1996,SP,N04D-W,0,2,0,0,0,0,0,1,0,0,0,0,0,0
433,CSM01,1,1997,AU,004F-E,2,0,0,0,0,0,0,0,0,0,0,0,0,0
434,CSM01,1,1997,AU,004F-W,0,3,0,1,0,0,0,0,0,0,0,0,0,0
435,CSM01,1,1997,AU,004B-E,2,3,0,3,0,1,1,1,0,0,0,2,0,2
436,CSM01,1,1997,AU,004B-W,1,2,1,3,0,0,0,13,0,0,0,0,0,0
437,CSM01,1,1997,AU,001D-E,14,0,0,1,0,0,0,0,0,0,0,0,0,0
438,CSM01,1,1997,AU,001D-W,3,0,0,0,0,0,0,1,0,0,0,0,0,0
439,CSM01,1,1997,AU,020B-E,0,2,0,0,0,0,1,21,0,0,0,0,0,0
440,CSM01,1,1997,AU,020B-W,0,2,0,0,0,0,0,20,0,0,0,0,0,0
441,CSM01,1,1997,AU,N20B-N,13,0,0,0,0,1,0,3,0,0,0,0,0,0
442,CSM01,1,1997,AU,N20B-S,7,0,4,0,0,0,1,4,0,0,0,0,0,0
443,CSM01,1,1997,AU,N01B-E,19,0,0,0,1,0,0,1,0,0,0,0,0,0
444,CSM01,1,1997,AU,N01B-W,23,0,0,0,0,0,0,3,0,0,0,0,0,0
445,CSM01,1,1997,AU,N04D-E,5,5,0,2,0,0,0,3,0,0,0,0,0,0
446,CSM01,1,1997,AU,N04D-W,1,0,0,1,0,0,3,14,0,0,0,0,0,0
447,CSM01,1,1997,SP,004F-E,5,0,0,0,1,0,0,0,0,0,0,0,0,0
448,CSM01,1,1997,SP,004F-W,1,0,0,0,0,0,0,0,0,0,0,0,0,0
449,CSM01,1,1997,SP,004B-E,2,0,0,0,0,0,0,1,0,0,0,0,0,0
450,CSM01,1,1997,SP,004B-W,2,1,0,0,0,0,0,6,0,0,0,0,0,0
451,CSM01,1,1997,SP,001D-E,8,0,0,0,0,0,0,0,0,0,0,0,0,0
452,CSM01,1,1997,SP,001D-W,9,0,0,0,0,0,0,0,0,0,0,0,0,0
453,CSM01,1,1997,SP,020B-E,1,0,0,0,0,0,0,2,0,0,0,0,0,0
454,CSM01,1,1997,SP,020B-W,0,1,0,0,0,0,0,4,0,0,0,0,0,0
455,CSM01,1,1997,SP,N20B-N,14,1,0,0,0,0,0,0,0,0,0,0,0,0
456,CSM01,1,1997,SP,N20B-S,13,1,0,0,0,0,0,1,0,0,0,0,0,0
457,CSM01,1,1997,SP,N01B-E,17,0,0,0,0,0,0,0,0,0,0,0,0,0
458,CSM01,1,1997,SP,N01B-W,14,0,0,0,0,0,0,1,0,0,0,0,0,0
459,CSM01,1,1997,SP,N04D-E,5,0,0,0,0,0,1,1,0,0,0,0,0,0
460,CSM01,1,1997,SP,N04D-W,4,1,0,0,0,0,0,6,0,0,0,0,0,0
461,CSM01,1,1998,AU,004F-E,4,3,0,0,0,0,0,2,0,0,0,0,0,0
462,CSM01,1,1998,AU,004F-W,0,2,0,0,0,0,0,4,0,0,0,0,0,0
463,CSM01,1,1998,AU,004B-E,6,0,0,0,0,0,0,0,0,0,0,0,0,0
464,CSM01,1,1998,AU,004B-W,9,1,0,0,0,0,5,9,0,0,0,0,0,0
465,CSM01,1,1998,AU,001D-E,7,4,0,2,0,0,3,0,0,0,0,0,0,0
466,CSM01,1,1998,AU,001D-W,0,0,0,0,0,0,0,1,0,0,0,0,0,0
467,CSM01,1,1998,AU,020B-E,1,4,0,0,0,0,1,13,0,0,0,0,0,0
468,CSM01,1,1998,AU,020B-W,0,0,0,2,0,0,0,28,0,0,0,0,0,0
469,CSM01,1,1998,AU,N20B-N,3,2,0,1,0,0,2,5,0,0,0,0,0,0
470,CSM01,1,1998,AU,N20B-S,2,1,0,0,0,0,0,13,0,0,0,0,0,0
471,CSM01,1,1998,AU,N01B-E,8,0,0,0,0,0,0,1,1,0,0,0,0,0
472,CSM01,1,1998,AU,N01B-W,4,0,1,0,0,0,0,4,0,0,0,0,0,0
473,CSM01,1,1998,AU,N04D-E,13,0,0,1,0,0,0,6,0,0,0,0,0,0
474,CSM01,1,1998,AU,N04D-W,8,0,1,0,0,0,1,11,0,0,0,0,0,0
475,CSM01,1,1998,SP,004F-E,4,0,0,0,0,0,0,1,0,0,0,0,0,0
476,CSM01,1,1998,SP,004F-W,2,0,0,0,0,0,0,2,0,0,0,0,0,0
477,CSM01,1,1998,SP,004B-E,0,2,0,0,0,0,0,0,0,0,0,1,0,0
478,CSM01,1,1998,SP,004B-W,0,3,0,0,0,0,0,9,0,0,0,0,0,0
479,CSM01,1,1998,SP,001D-E,0,0,0,0,0,0,0,0,0,0,0,0,0,0
480,CSM01,1,1998,SP,001D-W,9,0,0,0,0,0,0,0,0,0,0,0,0,0
481,CSM01,1,1998,SP,020B-E,0,0,0,0,0,0,0,1,0,0,0,0,0,0
482,CSM01,1,1998,SP,020B-W,0,1,0,0,0,0,0,9,0,0,0,0,0,0
483,CSM01,1,1998,SP,N20B-N,5,0,0,0,0,0,0,1,0,0,0,0,0,0
484,CSM01,1,1998,SP,N20B-S,3,0,0,0,1,0,0,3,0,0,0,0,0,0
485,CSM01,1,1998,SP,N01B-E,5,1,0,0,0,0,0,1,0,0,0,0,0,0
486,CSM01,1,1998,SP,N01B-W,8,1,0,0,0,0,0,5,0,0,0,0,0,0
487,CSM01,1,1998,SP,N04D-E,2,1,0,0,0,0,0,2,0,0,0,0,0,0
488,CSM01,1,1998,SP,N04D-W,0,0,0,0,0,0,0,1,0,0,0,0,0,0
489,CSM01,1,1999,AU,004F-E,0,6,0,14,0,1,0,1,0,0,0,0,0,0
490,CSM01,1,1999,AU,004F-W,0,10,1,9,0,1,0,2,0,0,0,1,0,0
491,CSM01,1,1999,AU,004B-E,4,6,0,1,0,0,0,0,0,0,0,0,0,0
492,CSM01,1,1999,AU,004B-W,3,12,1,3,0,0,0,11,1,1,0,1,0,0
493,CSM01,1,1999,AU,001D-E,5,1,0,4,0,0,0,1,0,0,0,0,0,0
494,CSM01,1,1999,AU,001D-W,2,1,0,1,0,0,0,0,0,0,0,0,0,0
495,CSM01,1,1999,AU,020B-E,0,18,1,8,0,0,0,11,0,0,0,0,0,0
496,CSM01,1,1999,AU,020B-W,0,8,2,1,0,0,1,17,0,0,0,0,0,0
497,CSM01,1,1999,AU,N20B-N,5,3,0,0,0,2,0,3,0,0,0,0,0,0
498,CSM01,1,1999,AU,N20B-S,2,6,0,2,0,0,1,2,0,0,0,0,0,0
499,CSM01,1,1999,AU,N01B-E,12,1,0,3,0,0,1,1,0,0,0,0,0,0
500,CSM01,1,1999,AU,N01B-W,7,2,0,0,0,1,0,4,0,0,0,0,0,0
501,CSM01,1,1999,AU,N04D-E,8,3,0,0,0,0,0,1,0,0,0,0,0,0
502,CSM01,1,1999,AU,N04D-W,7,6,2,0,0,1,5,8,0,0,0,0,0,0
503,CSM01,1,1999,SP,004F-E,0,4,0,0,0,0,0,0,0,0,0,0,0,0
504,CSM01,1,1999,SP,004F-W,0,12,0,0,0,0,0,8,0,0,0,0,0,0
505,CSM01,1,1999,SP,004B-E,12,2,0,0,0,0,1,0,0,0,0,0,0,0
506,CSM01,1,1999,SP,004B-W,7,2,0,0,0,0,0,7,0,0,0,0,0,0
507,CSM01,1,1999,SP,001D-E,7,7,0,0,0,0,0,0,0,0,0,0,0,0
508,CSM01,1,1999,SP,001D-W,3,2,0,0,0,0,0,0,0,0,0,0,0,0
509,CSM01,1,1999,SP,020B-E,0,4,0,0,0,0,0,4,0,0,0,0,0,0
510,CSM01,1,1999,SP,020B-W,0,11,0,0,0,0,0,5,0,0,0,0,0,0
511,CSM01,1,1999,SP,N20B-N,8,5,0,0,0,0,0,3,0,0,0,0,0,0
512,CSM01,1,1999,SP,N20B-S,5,5,0,0,0,0,1,4,0,0,0,0,0,0
513,CSM01,1,1999,SP,N01B-E,10,3,0,0,0,0,0,1,0,0,0,0,0,0
514,CSM01,1,1999,SP,N01B-W,6,2,0,1,0,0,0,1,0,0,0,0,0,0
515,CSM01,1,1999,SP,N04D-E,16,1,0,0,0,0,0,0,0,0,0,0,0,0
516,CSM01,1,1999,SP,N04D-W,11,0,0,0,0,0,0,8,0,0,0,0,0,0
517,CSM01,1,2000,AU,004F-E,4,2,7,0,0,0,0,1,1,0,0,0,0,0
518,CSM01,1,2000,AU,004F-W,5,0,5,0,0,0,1,0,0,0,0,0,0,0
519,CSM01,1,2000,AU,004B-E,3,1,0,0,0,0,0,0,0,0,0,0,0,0
520,CSM01,1,2000,AU,004B-W,2,0,9,0,0,0,0,10,0,0,0,0,0,0
521,CSM01,1,2000,AU,001D-E,0,0,0,0,0,0,0,0,0,0,0,0,0,0
522,CSM01,1,2000,AU,001D-W,4,0,0,0,0,0,0,0,0,0,0,0,0,0
523,CSM01,1,2000,AU,020B-E,2,3,8,0,0,0,1,7,0,0,0,0,0,0
524,CSM01,1,2000,AU,020B-W,1,3,1,0,0,0,0,19,0,0,0,0,0,0
525,CSM01,1,2000,AU,N20B-N,1,0,0,3,0,0,0,2,0,0,0,0,0,0
526,CSM01,1,2000,AU,N20B-S,2,1,1,0,0,0,0,7,0,0,0,0,0,0
527,CSM01,1,2000,AU,N01B-E,5,1,1,0,0,0,0,0,0,0,3,0,0,0
528,CSM01,1,2000,AU,N01B-W,4,0,0,0,0,0,0,3,0,0,0,0,0,0
529,CSM01,1,2000,AU,N04D-E,2,0,1,0,0,0,0,0,0,0,0,0,0,0
530,CSM01,1,2000,AU,N04D-W,2,1,0,0,0,0,0,3,0,0,1,0,0,0
531,CSM01,1,2000,SP,004F-E,0,1,0,0,0,0,0,0,0,0,0,0,0,0
532,CSM01,1,2000,SP,004F-W,0,0,0,0,0,0,0,0,0,0,0,0,0,0
533,CSM01,1,2000,SP,004B-E,0,0,0,0,0,0,0,2,0,0,0,0,0,0
534,CSM01,1,2000,SP,004B-W,4,1,0,0,0,0,0,16,0,0,0,0,0,0
535,CSM01,1,2000,SP,001D-E,1,0,0,0,0,0,0,0,0,0,0,0,0,0
536,CSM01,1,2000,SP,001D-W,4,0,0,0,0,0,0,0,0,0,0,0,0,0
537,CSM01,1,2000,SP,020B-E,0,0,0,0,0,0,4,5,0,0,0,0,0,0
538,CSM01,1,2000,SP,020B-W,0,0,0,0,0,0,0,0,0,0,0,0,0,0
539,CSM01,1,2000,SP,N20B-N,7,0,0,0,0,0,0,5,0,0,0,0,0,0
540,CSM01,1,2000,SP,N20B-S,3,0,0,0,0,0,0,8,0,0,0,0,0,0
541,CSM01,1,2000,SP,N01B-E,12,1,0,0,0,0,0,1,0,0,0,0,0,0
542,CSM01,1,2000,SP,N01B-W,3,0,0,0,0,0,0,1,0,0,0,0,0,0
543,CSM01,1,2000,SP,N04D-E,0,0,0,0,0,0,0,0,0,0,0,0,0,0
544,CSM01,1,2000,SP,N04D-W,2,0,0,0,0,0,5,0,0,0,0,0,0,0
545,CSM01,1,2001,AU,004F-E,0,0,0,0,0,0,0,0,0,0,0,0,0,0
546,CSM01,1,2001,AU,004F-W,0,1,0,0,0,0,0,4,0,0,0,0,0,0
547,CSM01,1,2001,AU,004B-E,0,0,0,0,0,0,0,0,0,0,0,0,0,0
548,CSM01,1,2001,AU,004B-W,4,0,4,0,0,0,0,1,0,0,0,0,0,0
549,CSM01,1,2001,AU,001D-E,3,0,0,0,0,0,0,0,0,0,0,0,0,0
550,CSM01,1,2001,AU,001D-W,4,0,0,1,0,0,0,0,0,0,0,0,0,0
551,CSM01,1,2001,AU,020B-E,0,2,0,0,0,0,0,0,0,0,0,0,0,0
552,CSM01,1,2001,AU,020B-W,0,0,0,0,0,0,0,9,0,0,0,0,0,0
553,CSM01,1,2001,AU,N20B-N,1,0,0,1,0,0,0,0,0,0,0,0,0,0
554,CSM01,1,2001,AU,N20B-S,0,0,0,1,0,0,0,3,0,0,0,0,0,0
555,CSM01,1,2001,AU,N01B-E,4,0,0,0,0,0,0,0,0,0,1,0,0,0
556,CSM01,1,2001,AU,N01B-W,2,0,0,0,0,0,0,1,0,0,0,0,0,0
557,CSM01,1,2001,AU,N04D-E,5,0,0,0,0,0,0,0,0,0,0,0,0,0
558,CSM01,1,2001,AU,N04D-W,2,0,0,0,0,0,0,2,1,0,1,0,0,0
559,CSM01,1,2001,SP,004F-E,0,0,0,0,0,0,0,0,0,0,0,0,0,0
560,CSM01,1,2001,SP,004F-W,0,0,0,0,0,0,0,0,0,0,0,0,0,0
561,CSM01,1,2001,SP,004B-E,1,0,0,0,0,0,0,0,0,0,0,0,0,0
562,CSM01,1,2001,SP,004B-W,0,0,0,0,0,0,0,0,0,0,0,0,0,0
563,CSM01,1,2001,SP,001D-E,0,0,0,0,0,0,0,0,0,0,0,0,0,0
564,CSM01,1,2001,SP,001D-W,0,0,0,0,0,0,0,0,0,0,0,0,0,0
565,CSM01,1,2001,SP,020B-E,0,0,0,0,0,0,1,5,0,0,0,0,0,0
566,CSM01,1,2001,SP,020B-W,0,0,0,0,0,0,0,2,0,0,0,0,0,0
567,CSM01,1,2001,SP,N20B-N,1,0,0,0,0,0,0,3,0,0,0,0,0,0
568,CSM01,1,2001,SP,N20B-S,0,0,0,1,0,0,0,7,0,0,0,0,0,0
569,CSM01,1,2001,SP,N01B-E,8,0,0,0,0,0,0,0,0,0,0,0,0,0
570,CSM01,1,2001,SP,N01B-W,7,0,0,0,0,0,0,0,0,0,0,0,0,0
571,CSM01,1,2001,SP,N04D-E,0,0,0,0,0,0,0,0,0,0,0,0,0,0
572,CSM01,1,2001,SP,N04D-W,0,0,0,0,0,0,0,0,0,0,0,0,0,0
573,CSM01,1,2002,AU,004F-E,10,0,8,0,0,0,1,4,0,0,0,0,0,0
574,CSM01,1,2002,AU,004F-W,12,0,4,1,0,0,4,2,0,0,0,0,0,0
575,CSM01,1,2002,AU,004B-E,6,4,9,0,0,0,17,5,0,0,0,0,0,0
576,CSM01,1,2002,AU,004B-W,4,3,0,0,0,1,0,8,0,0,0,0,0,0
577,CSM01,1,2002,AU,001D-E,14,0,4,0,0,0,0,0,0,0,0,0,0,1
578,CSM01,1,2002,AU,001D-W,4,1,0,0,0,0,0,0,0,0,0,0,0,0
579,CSM01,1,2002,AU,020B-E,2,0,13,0,0,0,5,12,0,0,0,1,0,0
580,CSM01,1,2002,AU,020B-W,0,1,8,0,0,0,1,26,0,0,0,0,0,0
581,CSM01,1,2002,AU,N20B-N,4,0,0,0,0,0,0,0,0,0,0,0,0,0
582,CSM01,1,2002,AU,N20B-S,1,2,0,0,0,0,4,11,0,0,0,0,0,0
583,CSM01,1,2002,AU,N01B-E,23,0,0,0,0,1,0,1,0,0,2,0,0,0
584,CSM01,1,2002,AU,N01B-W,13,0,0,0,0,0,0,0,0,0,0,0,0,0
585,CSM01,1,2002,AU,N04D-E,17,0,2,0,0,0,0,1,0,0,3,0,0,0
586,CSM01,1,2002,AU,N04D-W,7,0,0,0,0,0,0,7,1,0,1,0,0,0
587,CSM01,1,2002,SP,004F-E,0,0,0,0,0,0,0,1,0,0,0,0,0,0
588,CSM01,1,2002,SP,004F-W,0,2,0,0,0,0,0,0,0,0,0,0,0,0
589,CSM01,1,2002,SP,004B-E,0,3,0,0,0,0,0,0,0,0,0,0,0,0
590,CSM01,1,2002,SP,004B-W,2,1,0,0,0,0,1,1,0,0,0,0,0,0
591,CSM01,1,2002,SP,001D-E,3,0,0,0,0,0,0,0,0,0,0,0,0,0
592,CSM01,1,2002,SP,001D-W,9,0,0,0,0,0,0,0,0,0,0,0,0,0
593,CSM01,1,2002,SP,020B-E,0,0,0,0,0,0,1,0,0,0,0,0,0,0
594,CSM01,1,2002,SP,020B-W,0,0,0,0,0,0,0,16,0,0,0,0,0,0
595,CSM01,1,2002,SP,N20B-N,3,0,0,0,0,0,0,0,0,0,0,0,0,0
596,CSM01,1,2002,SP,N20B-S,0,2,0,0,0,0,0,5,0,0,0,0,0,0
597,CSM01,1,2002,SP,N01B-E,15,0,0,0,0,0,0,0,0,0,0,0,0,0
598,CSM01,1,2002,SP,N01B-W,4,0,0,0,0,0,0,0,0,0,0,0,0,0
599,CSM01,1,2002,SP,N04D-E,11,1,0,0,0,0,0,0,0,0,1,0,0,0
600,CSM01,1,2002,SP,N04D-W,14,0,0,0,0,0,0,3,0,0,0,0,0,0
601,CSM01,1,2003,AU,004F-E,2,5,0,2,0,0,4,1,0,0,0,0,0,0
602,CSM01,1,2003,AU,004F-W,0,0,0,1,0,0,13,3,0,0,0,0,0,0
603,CSM01,1,2003,AU,004B-E,6,3,0,0,0,0,1,0,0,0,2,0,0,0
604,CSM01,1,2003,AU,004B-W,15,1,1,1,0,1,5,1,2,0,3,0,0,0
605,CSM01,1,2003,AU,001D-E,2,0,0,0,0,0,0,0,0,0,0,0,0,0
606,CSM01,1,2003,AU,001D-W,5,0,0,0,0,0,4,0,0,0,0,0,0,0
607,CSM01,1,2003,AU,020B-E,3,5,1,0,0,0,0,7,0,1,0,0,0,0
608,CSM01,1,2003,AU,020B-W,0,6,6,3,0,0,0,13,0,0,0,0,0,0
609,CSM01,1,2003,AU,N20B-N,6,0,0,3,0,0,0,0,0,0,1,0,0,0
610,CSM01,1,2003,AU,N20B-S,0,0,0,0,0,0,0,2,1,0,0,0,0,0
611,CSM01,1,2003,AU,N01B-E,7,0,0,0,0,0,0,0,0,0,1,0,0,0
612,CSM01,1,2003,AU,N01B-W,4,1,0,0,0,0,0,0,0,0,0,0,0,0
613,CSM01,1,2003,AU,N04D-E,7,0,0,0,0,0,0,0,0,0,1,0,0,0
614,CSM01,1,2003,AU,N04D-W,7,1,4,1,0,0,0,2,0,0,2,0,0,0
615,CSM01,1,2003,SP,004F-E,0,0,0,0,0,0,0,0,0,0,0,0,0,0
616,CSM01,1,2003,SP,004F-W,0,1,0,0,0,0,6,0,0,0,0,0,0,0
617,CSM01,1,2003,SP,004B-E,1,5,0,0,0,0,20,1,0,0,0,0,0,0
618,CSM01,1,2003,SP,004B-W,6,1,0,0,0,0,1,12,0,0,1,0,0,0
619,CSM01,1,2003,SP,001D-E,4,0,0,0,0,0,0,0,0,0,0,0,0,0
620,CSM01,1,2003,SP,001D-W,1,0,0,0,0,0,3,0,0,0,0,0,0,0
621,CSM01,1,2003,SP,020B-E,0,0,0,0,0,0,4,0,0,0,0,0,0,0
622,CSM01,1,2003,SP,020B-W,0,0,0,0,0,0,2,3,0,0,0,0,0,0
623,CSM01,1,2003,SP,N20B-N,6,2,0,0,0,0,1,2,0,0,0,0,0,0
624,CSM01,1,2003,SP,N20B-S,0,2,0,0,0,0,1,2,0,0,0,0,0,0
625,CSM01,1,2003,SP,N01B-E,7,0,0,0,0,0,0,1,0,0,2,0,0,0
626,CSM01,1,2003,SP,N01B-W,4,0,0,0,0,0,0,0,0,0,0,0,0,0
627,CSM01,1,2003,SP,N04D-E,3,0,0,0,0,0,0,0,0,0,0,0,0,0
628,CSM01,1,2003,SP,N04D-W,5,1,1,0,0,0,1,0,0,0,0,0,0,0
629,CSM01,1,2004,AU,004F-E,8,1,0,4,0,0,2,5,0,0,0,0,0,0
630,CSM01,1,2004,AU,004F-W,5,1,1,5,0,0,0,8,0,0,0,0,0,0
631,CSM01,1,2004,AU,004B-E,2,3,0,0,0,0,0,0,0,0,0,0,0,0
632,CSM01,1,2004,AU,004B-W,5,3,1,0,0,0,0,1,0,0,4,0,1,1
633,CSM01,1,2004,AU,001D-E,3,2,0,0,0,0,0,0,0,0,0,0,0,0
634,CSM01,1,2004,AU,001D-W,5,0,0,2,0,0,1,0,0,0,0,0,0,0
635,CSM01,1,2004,AU,020B-E,0,1,1,4,0,0,0,6,0,0,0,0,0,0
636,CSM01,1,2004,AU,020B-W,0,1,0,3,0,0,0,18,0,0,1,0,0,0
637,CSM01,1,2004,AU,N20B-N,7,0,0,1,0,0,0,1,1,0,0,0,0,0
638,CSM01,1,2004,AU,N20B-S,2,1,0,1,0,0,0,3,0,0,0,0,0,0
639,CSM01,1,2004,AU,N01B-E,8,0,0,0,0,0,0,0,0,0,0,0,0,0
640,CSM01,1,2004,AU,N01B-W,7,0,0,0,0,0,0,3,1,0,2,0,0,0
641,CSM01,1,2004,AU,N04D-E,4,0,0,4,0,0,1,1,0,0,0,0,0,0
642,CSM01,1,2004,AU,N04D-W,4,1,0,4,0,0,0,4,0,0,1,0,0,0
643,CSM01,1,2004,SP,004F-E,1,0,0,0,0,1,9,1,0,0,0,0,0,0
644,CSM01,1,2004,SP,004F-W,1,0,0,0,0,0,14,8,0,0,0,0,0,0
645,CSM01,1,2004,SP,004B-E,4,0,0,0,0,0,1,0,0,0,0,0,0,0
646,CSM01,1,2004,SP,004B-W,9,0,0,0,0,0,8,0,0,0,2,0,0,0
647,CSM01,1,2004,SP,001D-E,1,0,0,0,0,0,2,0,0,0,0,0,0,0
648,CSM01,1,2004,SP,001D-W,5,0,0,0,0,0,11,0,0,0,0,0,0,0
649,CSM01,1,2004,SP,020B-E,0,1,0,0,0,0,2,6,0,0,0,0,0,0
650,CSM01,1,2004,SP,020B-W,0,0,0,0,0,0,0,17,0,0,0,0,0,0
651,CSM01,1,2004,SP,N20B-N,12,0,0,0,0,0,2,4,0,0,0,0,0,0
652,CSM01,1,2004,SP,N20B-S,4,0,0,0,0,0,0,0,0,0,0,0,0,0
653,CSM01,1,2004,SP,N01B-E,9,0,0,0,0,0,0,1,0,0,0,0,0,0
654,CSM01,1,2004,SP,N01B-W,7,0,0,0,0,0,1,0,0,0,0,0,0,0
655,CSM01,1,2004,SP,N04D-E,8,0,0,0,0,0,0,0,0,0,0,0,0,0
656,CSM01,1,2004,SP,N04D-W,6,1,0,0,0,0,0,4,0,0,0,0,0,0
657,CSM01,1,2005,AU,004F-E,2,1,0,0,0,0,0,0,0,0,0,0,0,0
658,CSM01,1,2005,AU,004F-W,3,3,0,1,0,0,0,0,0,0,0,0,0,0
659,CSM01,1,2005,AU,004B-E,4,0,0,0,0,0,0,0,0,0,0,0,0,0
660,CSM01,1,2005,AU,004B-W,7,2,0,0,0,0,0,1,0,0,1,0,0,0
661,CSM01,1,2005,AU,001D-E,4,0,2,0,0,0,0,0,0,0,0,0,0,0
662,CSM01,1,2005,AU,001D-W,6,0,0,0,0,0,0,0,0,0,0,0,0,0
663,CSM01,1,2005,AU,020B-E,0,2,1,0,0,0,0,6,0,0,0,0,0,0
664,CSM01,1,2005,AU,020B-W,1,0,2,1,0,0,0,15,0,0,1,0,0,0
665,CSM01,1,2005,AU,N20B-N,1,0,0,0,0,0,0,0,0,0,0,0,0,0
666,CSM01,1,2005,AU,N20B-S,0,0,0,0,0,0,0,0,0,0,0,0,0,0
667,CSM01,1,2005,AU,N01B-E,5,0,0,0,0,0,0,0,0,0,0,0,0,0
668,CSM01,1,2005,AU,N01B-W,6,0,0,0,0,0,0,0,0,0,0,0,0,0
669,CSM01,1,2005,AU,N04D-E,2,0,0,1,0,0,0,0,1,0,0,0,0,0
670,CSM01,1,2005,AU,N04D-W,4,0,0,1,0,0,0,2,0,0,1,0,0,0
671,CSM01,1,2005,SP,004F-E,2,4,0,0,0,0,0,1,0,0,0,0,0,0
672,CSM01,1,2005,SP,004F-W,2,0,0,0,0,0,0,1,0,0,0,0,0,0
673,CSM01,1,2005,SP,004B-E,6,0,0,0,0,0,0,0,0,0,0,0,0,0
674,CSM01,1,2005,SP,004B-W,1,0,0,0,0,0,0,2,0,0,0,0,0,0
675,CSM01,1,2005,SP,001D-E,0,0,0,0,0,0,0,0,0,0,0,0,0,0
676,CSM01,1,2005,SP,001D-W,2,0,0,0,0,0,0,0,0,0,0,0,0,0
677,CSM01,1,2005,SP,020B-E,0,1,1,0,0,0,0,6,0,0,0,0,0,0
678,CSM01,1,2005,SP,020B-W,0,0,0,0,0,0,0,7,0,0,0,0,0,0
679,CSM01,1,2005,SP,N20B-N,7,1,0,0,0,0,0,1,0,0,0,0,0,0
680,CSM01,1,2005,SP,N20B-S,3,1,0,0,0,0,0,1,0,0,0,0,0,0
681,CSM01,1,2005,SP,N01B-E,16,0,0,0,0,0,0,0,0,0,0,0,0,0
682,CSM01,1,2005,SP,N01B-W,13,2,0,0,0,0,0,0,0,0,0,0,0,0
683,CSM01,1,2005,SP,N04D-E,2,0,0,0,0,0,0,1,0,0,0,0,0,0
684,CSM01,1,2005,SP,N04D-W,1,2,0,0,0,0,0,9,0,0,0,0,0,0
685,CSM01,1,2006,AU,004F-E,1,4,0,0,0,0,0,0,0,0,0,0,0,0
686,CSM01,1,2006,AU,004F-W,1,2,2,0,0,0,0,3,0,0,0,0,0,0
687,CSM01,1,2006,AU,004B-E,4,0,0,0,0,0,0,0,0,0,1,0,0,0
688,CSM01,1,2006,AU,004B-W,4,1,2,0,0,0,0,0,0,0,0,0,0,0
689,CSM01,1,2006,AU,001D-E,4,2,0,0,0,0,0,0,0,0,0,0,0,0
690,CSM01,1,2006,AU,001D-W,2,0,0,0,0,0,0,0,0,0,0,0,0,0
691,CSM01,1,2006,AU,020B-E,0,13,3,0,0,0,1,11,0,0,0,0,0,0
692,CSM01,1,2006,AU,020B-W,1,2,9,0,0,0,0,13,0,0,2,0,0,0
693,CSM01,1,2006,AU,N20B-N,3,0,0,3,0,0,0,7,0,0,0,0,0,0
694,CSM01,1,2006,AU,N20B-S,1,0,1,1,0,0,0,2,0,0,0,0,0,0
695,CSM01,1,2006,AU,N01B-E,9,0,0,0,1,0,0,0,0,0,2,0,0,0
696,CSM01,1,2006,AU,N01B-W,4,0,0,0,0,0,0,0,0,0,1,0,0,0
697,CSM01,1,2006,AU,N04D-E,8,0,0,0,0,0,0,1,0,0,1,0,0,0
698,CSM01,1,2006,AU,N04D-W,4,0,0,0,0,0,0,0,0,0,1,0,0,0
699,CSM01,1,2006,SP,004F-E,5,0,0,0,0,0,0,1,0,0,0,0,0,0
700,CSM01,1,2006,SP,004F-W,3,0,0,0,0,0,0,3,0,0,0,0,0,0
701,CSM01,1,2006,SP,004B-E,8,0,0,0,0,0,0,0,0,0,0,0,0,0
702,CSM01,1,2006,SP,004B-W,10,1,0,0,0,0,0,0,0,0,1,0,0,0
703,CSM01,1,2006,SP,001D-E,0,0,0,0,0,0,0,0,0,0,0,0,0,0
704,CSM01,1,2006,SP,001D-W,3,0,0,0,0,0,0,0,0,0,0,0,0,0
705,CSM01,1,2006,SP,020B-E,0,8,0,0,0,0,0,3,0,0,0,0,0,0
706,CSM01,1,2006,SP,020B-W,0,0,0,0,0,0,0,6,0,0,0,0,0,0
707,CSM01,1,2006,SP,N20B-N,5,0,0,0,0,0,0,0,0,0,0,0,0,0
708,CSM01,1,2006,SP,N20B-S,8,0,0,0,0,0,0,1,0,0,0,0,0,0
709,CSM01,1,2006,SP,N01B-E,18,0,0,0,0,0,0,0,0,0,0,0,0,0
710,CSM01,1,2006,SP,N01B-W,11,0,0,0,0,0,0,0,0,0,0,0,0,0
711,CSM01,1,2006,SP,N04D-E,11,0,0,0,0,0,0,2,0,0,0,0,0,0
712,CSM01,1,2006,SP,N04D-W,11,0,0,0,0,0,0,0,0,0,1,0,0,0
713,CSM01,1,2007,AU,004F-E,6,2,0,0,0,0,8,0,0,0,0,0,0,0
714,CSM01,1,2007,AU,004F-W,8,2,7,1,0,1,1,0,0,0,0,0,0,0
715,CSM01,1,2007,AU,004B-E,9,1,2,2,0,0,5,0,0,0,0,0,0,0
716,CSM01,1,2007,AU,004B-W,2,4,4,0,0,0,3,7,0,0,0,0,0,0
717,CSM01,1,2007,AU,001D-E,6,0,0,1,0,0,0,1,0,0,0,0,0,0
718,CSM01,1,2007,AU,001D-W,6,0,1,0,0,0,2,0,0,0,0,0,0,0
719,CSM01,1,2007,AU,020B-E,0,5,9,5,0,0,20,16,0,0,0,0,0,0
720,CSM01,1,2007,AU,020B-W,0,3,6,0,0,0,8,19,0,0,1,0,0,0
721,CSM01,1,2007,AU,N20B-N,7,1,0,0,0,1,0,4,0,0,1,0,0,0
722,CSM01,1,2007,AU,N20B-S,2,0,0,0,0,0,3,3,0,0,0,0,0,0
723,CSM01,1,2007,AU,N01B-E,17,0,0,1,0,0,2,2,0,0,1,0,0,0
724,CSM01,1,2007,AU,N01B-W,11,1,0,0,0,0,0,2,1,0,2,0,0,0
725,CSM01,1,2007,AU,N04D-E,8,1,0,0,0,1,2,2,0,1,1,0,0,0
726,CSM01,1,2007,AU,N04D-W,8,1,0,1,0,0,2,6,0,0,2,0,0,0
727,CSM01,1,2007,SP,004F-E,1,0,0,0,0,0,0,0,0,0,0,0,0,0
728,CSM01,1,2007,SP,004F-W,2,0,3,0,0,0,7,6,0,0,0,0,0,0
729,CSM01,1,2007,SP,004B-E,6,0,0,0,0,0,0,1,0,0,0,0,0,0
730,CSM01,1,2007,SP,004B-W,1,0,0,0,0,0,0,0,0,0,0,0,0,0
731,CSM01,1,2007,SP,001D-E,16,3,0,0,0,0,7,0,0,0,0,0,0,0
732,CSM01,1,2007,SP,001D-W,5,0,0,0,0,0,0,0,0,0,0,0,0,0
733,CSM01,1,2007,SP,020B-E,2,0,0,0,0,0,3,8,0,0,0,0,0,0
734,CSM01,1,2007,SP,020B-W,0,1,0,0,0,0,2,11,0,0,0,0,0,0
735,CSM01,1,2007,SP,N20B-N,14,1,0,0,0,0,0,7,0,0,0,0,0,0
736,CSM01,1,2007,SP,N20B-S,4,3,0,0,0,1,0,6,0,0,0,0,0,0
737,CSM01,1,2007,SP,N01B-E,25,0,0,0,0,0,0,1,0,0,0,0,0,0
738,CSM01,1,2007,SP,N01B-W,22,0,0,0,0,0,0,3,0,0,0,0,0,0
739,CSM01,1,2007,SP,N04D-E,15,0,0,0,0,0,0,0,0,0,0,0,0,0
740,CSM01,1,2007,SP,N04D-W,7,1,0,0,0,0,0,5,0,0,0,0,0,0
741,CSM01,1,2008,AU,004F-E,2,10,0,0,0,0,12,0,0,0,0,0,0,0
742,CSM01,1,2008,AU,004F-W,1,4,1,1,0,0,7,0,0,0,0,0,0,0
743,CSM01,1,2008,AU,004B-E,0,12,0,1,0,0,16,0,0,0,0,0,0,0
744,CSM01,1,2008,AU,004B-W,0,12,0,1,0,0,4,8,0,0,1,0,0,0
745,CSM01,1,2008,AU,001D-E,9,5,0,5,0,0,1,0,0,0,0,0,0,0
746,CSM01,1,2008,AU,001D-W,3,3,0,0,0,0,0,0,0,0,0,0,0,0
747,CSM01,1,2008,AU,020B-E,1,3,11,2,0,0,14,14,0,0,0,0,0,0
748,CSM01,1,2008,AU,020B-W,0,4,5,1,0,0,20,16,0,0,3,0,0,0
749,CSM01,1,2008,AU,N20B-N,6,0,0,0,0,0,0,0,0,0,0,0,0,0
750,CSM01,1,2008,AU,N20B-S,4,0,0,0,0,0,1,6,0,0,0,0,0,0
751,CSM01,1,2008,AU,N01B-E,10,2,0,2,0,0,0,1,0,0,3,0,0,0
752,CSM01,1,2008,AU,N01B-W,6,1,0,0,0,1,2,0,0,0,1,0,0,0
753,CSM01,1,2008,AU,N04D-E,2,1,0,2,0,0,2,0,0,0,1,0,0,0
754,CSM01,1,2008,AU,N04D-W,3,1,0,1,0,0,6,2,0,1,1,0,0,0
755,CSM01,1,2008,SP,004F-E,6,1,0,0,0,0,1,0,0,0,0,0,0,0
756,CSM01,1,2008,SP,004F-W,2,1,0,0,0,0,3,1,0,0,0,0,0,0
757,CSM01,1,2008,SP,004B-E,0,0,0,0,0,0,0,0,0,0,0,0,0,0
758,CSM01,1,2008,SP,004B-W,1,2,0,0,0,0,0,7,0,0,0,0,0,0
759,CSM01,1,2008,SP,001D-E,0,0,0,0,0,0,2,0,0,0,0,0,0,0
760,CSM01,1,2008,SP,001D-W,0,0,0,0,0,0,0,0,0,0,0,0,0,0
761,CSM01,1,2008,SP,020B-E,0,0,0,0,0,0,5,3,0,0,0,0,0,0
762,CSM01,1,2008,SP,020B-W,0,0,0,0,0,0,3,3,0,0,0,0,0,0
763,CSM01,1,2008,SP,N20B-N,6,2,0,0,0,0,0,5,0,0,0,0,0,0
764,CSM01,1,2008,SP,N20B-S,3,0,0,0,0,0,0,0,0,0,0,0,0,0
765,CSM01,1,2008,SP,N01B-E,21,0,0,0,0,0,0,0,0,0,0,0,0,0
766,CSM01,1,2008,SP,N01B-W,14,1,0,0,0,0,0,2,0,0,0,0,0,0
767,CSM01,1,2008,SP,N04D-E,7,0,0,0,0,0,1,0,0,0,0,0,0,0
768,CSM01,1,2008,SP,N04D-W,6,2,0,0,0,0,0,1,0,0,1,0,0,0
769,CSM01,1,2009,AU,004F-E,2,8,0,2,0,0,0,1,0,0,0,1,0,0
770,CSM01,1,2009,AU,004F-W,0,5,0,4,0,0,7,3,0,1,0,0,0,0
771,CSM01,1,2009,AU,004B-E,8,5,13,3,0,0,23,0,0,0,0,1,0,0
772,CSM01,1,2009,AU,004B-W,4,14,21,1,0,0,7,3,1,0,0,0,0,0
773,CSM01,1,2009,AU,001D-E,8,2,6,2,0,0,14,0,0,0,0,0,0,0
774,CSM01,1,2009,AU,001D-W,6,0,0,0,0,0,0,0,0,0,0,0,0,0
775,CSM01,1,2009,AU,020B-E,1,9,7,0,0,0,2,23,0,0,0,0,0,0
776,CSM01,1,2009,AU,020B-W,0,2,5,0,0,0,0,16,0,0,2,0,0,0
777,CSM01,1,2009,AU,N20B-N,5,1,1,1,0,0,2,0,0,0,0,0,0,0
778,CSM01,1,2009,AU,N20B-S,0,6,0,1,0,0,0,10,0,0,0,0,0,0
779,CSM01,1,2009,AU,N01B-E,11,0,0,0,0,0,3,1,1,0,1,0,0,0
780,CSM01,1,2009,AU,N01B-W,7,2,0,1,0,0,5,4,0,0,0,0,0,0
781,CSM01,1,2009,AU,N04D-E,12,1,0,1,0,0,0,0,1,0,0,0,0,0
782,CSM01,1,2009,AU,N04D-W,9,5,5,0,0,0,0,6,0,0,0,0,0,0
783,CSM01,1,2009,SP,004F-E,0,9,0,0,0,0,4,0,0,0,0,0,0,0
784,CSM01,1,2009,SP,004F-W,1,5,0,0,0,0,11,2,0,0,0,0,0,0
785,CSM01,1,2009,SP,004B-E,0,18,0,0,0,0,13,0,0,0,0,0,0,0
786,CSM01,1,2009,SP,004B-W,0,11,0,0,0,0,4,0,0,0,1,0,0,0
787,CSM01,1,2009,SP,001D-E,7,17,0,0,0,0,7,0,0,0,0,0,0,0
788,CSM01,1,2009,SP,001D-W,7,17,0,0,0,0,12,0,0,0,0,0,0,0
789,CSM01,1,2009,SP,020B-E,0,10,2,0,0,0,20,22,0,0,0,0,0,0
790,CSM01,1,2009,SP,020B-W,0,10,0,0,0,0,17,28,0,0,0,0,0,0
791,CSM01,1,2009,SP,N20B-N,8,0,0,0,0,0,1,1,0,0,0,0,0,0
792,CSM01,1,2009,SP,N20B-S,5,7,0,0,0,1,2,9,0,0,0,0,0,0
793,CSM01,1,2009,SP,N01B-E,18,2,0,0,1,0,1,1,0,0,1,0,0,0
794,CSM01,1,2009,SP,N01B-W,11,6,0,0,0,1,0,0,0,0,0,0,0,0
795,CSM01,1,2009,SP,N04D-E,3,12,0,0,0,0,4,2,0,0,0,0,0,0
796,CSM01,1,2009,SP,N04D-W,5,9,0,0,0,0,7,6,0,0,0,0,0,0
797,CSM01,1,2010,AU,004F-E,1,11,0,6,0,0,0,5,0,0,0,0,0,0
798,CSM01,1,2010,AU,004F-W,1,1,0,3,0,0,0,4,0,0,0,0,0,0
799,CSM01,1,2010,AU,004B-E,0,2,0,4,0,0,0,0,0,0,0,0,0,0
800,CSM01,1,2010,AU,004B-W,4,3,0,0,0,0,1,1,0,0,0,0,0,0
801,CSM01,1,2010,AU,001D-E,10,0,0,2,0,0,0,0,0,0,0,0,0,0
802,CSM01,1,2010,AU,001D-W,1,0,0,3,0,0,0,1,0,0,0,0,0,0
803,CSM01,1,2010,AU,020B-E,1,3,0,13,0,0,4,34,0,0,0,0,0,0
804,CSM01,1,2010,AU,020B-W,0,0,0,3,0,0,2,48,0,0,0,1,0,0
805,CSM01,1,2010,AU,N20B-N,8,0,0,0,0,0,0,11,0,0,0,0,0,0
806,CSM01,1,2010,AU,N20B-S,1,1,0,4,0,0,0,13,0,0,0,0,0,0
807,CSM01,1,2010,AU,N01B-E,15,2,0,1,0,0,0,0,0,0,3,0,0,0
808,CSM01,1,2010,AU,N01B-W,16,1,0,1,0,0,1,5,0,0,0,0,0,0
809,CSM01,1,2010,AU,N04D-E,7,2,0,0,0,0,0,3,1,0,0,0,0,0
810,CSM01,1,2010,AU,N04D-W,1,1,0,3,0,0,0,8,0,0,1,0,0,0
811,CSM01,1,2010,SP,004F-E,0,0,0,0,0,0,0,0,0,0,0,0,0,0
812,CSM01,1,2010,SP,004F-W,0,0,0,0,0,0,0,0,0,0,0,0,0,0
813,CSM01,1,2010,SP,004B-E,0,0,0,0,0,0,6,0,0,0,0,0,0,0
814,CSM01,1,2010,SP,004B-W,0,0,0,0,0,0,8,0,0,0,0,0,0,0
815,CSM01,1,2010,SP,001D-E,0,0,0,0,0,0,0,0,0,0,0,0,0,0
816,CSM01,1,2010,SP,001D-W,0,0,0,0,0,0,0,0,0,0,0,1,0,0
817,CSM01,1,2010,SP,020B-E,0,0,0,0,0,0,2,25,0,0,0,1,0,0
818,CSM01,1,2010,SP,020B-W,0,0,0,0,0,0,0,24,0,0,0,0,0,0
819,CSM01,1,2010,SP,N20B-N,3,0,0,0,0,0,0,7,0,0,0,0,0,0
820,CSM01,1,2010,SP,N20B-S,0,0,0,0,0,0,0,10,0,0,0,0,0,0
821,CSM01,1,2010,SP,N01B-E,16,0,0,0,0,1,0,4,0,0,0,0,0,0
822,CSM01,1,2010,SP,N01B-W,7,0,0,0,0,0,0,1,0,0,0,0,0,0
823,CSM01,1,2010,SP,N04D-E,10,0,0,0,0,0,0,1,0,0,0,0,0,0
824,CSM01,1,2010,SP,N04D-W,4,1,0,0,0,0,0,5,0,0,0,0,0,0
825,CSM01,1,2011,SP,004F-E,0,4,0,0,0,0,0,0,0,0,0,0,0,0
826,CSM01,1,2011,SP,004F-W,1,3,0,0,0,0,0,5,0,0,0,0,0,0
827,CSM01,1,2011,SP,004B-E,0,1,0,0,0,0,0,0,0,0,0,0,0,0
828,CSM01,1,2011,SP,004B-W,0,0,0,0,0,0,0,0,0,0,0,1,0,0
829,CSM01,1,2011,SP,001D-E,6,0,0,0,0,0,1,0,0,0,0,0,0,0
830,CSM01,1,2011,SP,001D-W,1,0,0,0,0,0,0,0,0,0,0,0,0,0
831,CSM01,1,2011,SP,020B-E,0,0,0,0,0,0,6,40,0,0,0,2,0,0
832,CSM01,1,2011,SP,020B-W,0,1,0,0,0,0,1,60,0,0,0,0,0,0
833,CSM01,1,2011,SP,N20B-N,12,0,0,0,0,0,0,10,0,0,0,0,0,0
834,CSM01,1,2011,SP,N20B-S,0,0,0,0,0,0,0,5,0,0,0,0,0,0
835,CSM01,1,2011,SP,N01B-E,21,0,0,0,0,0,0,4,0,0,3,0,0,0
836,CSM01,1,2011,SP,N01B-W,22,0,0,0,0,0,0,2,0,0,0,0,0,0
837,CSM01,1,2011,SP,N04D-E,6,1,0,0,0,0,0,2,0,0,1,0,0,0
838,CSM01,1,2011,SP,N04D-W,0,2,0,0,0,0,0,9,0,0,0,0,0,0
